timestamp,src,dst,confidence,label
1776196963.197708,10.58.86.157,8.8.8.8,0.674,SUSPICIOUS
1776197224.5972943,23.193.56.41,10.58.86.157,0.435,NORMAL
1776197224.6947415,23.193.56.41,10.58.86.157,0.519,NORMAL
1776197226.697804,10.58.86.157,8.8.8.8,0.628,NORMAL
1776197226.7481294,8.8.8.8,10.58.86.157,0.673,NORMAL
1776197232.7739232,10.58.86.157,8.8.8.8,0.645,NORMAL
1776197232.827393,8.8.8.8,10.58.86.157,0.672,NORMAL
1776197234.057456,10.58.86.157,104.18.32.47,0.898,SUSPICIOUS
1776197234.1147404,104.18.32.47,10.58.86.157,0.878,SUSPICIOUS
1776197234.6089666,10.58.86.157,23.193.56.41,0.811,SUSPICIOUS
1776197234.6745782,23.193.56.41,10.58.86.157,0.598,NORMAL
1776197234.7723126,23.193.56.41,10.58.86.157,0.594,NORMAL
1776197234.8507307,23.193.56.41,10.58.86.157,0.523,NORMAL
1776197238.8605962,10.58.86.157,8.8.8.8,0.639,NORMAL
1776197238.915581,8.8.8.8,10.58.86.157,0.664,NORMAL
1776197239.522262,10.58.86.157,10.58.86.75,0.854,SUSPICIOUS
1776197239.570813,10.58.86.75,10.58.86.157,0.885,SUSPICIOUS
1776197240.0611677,10.58.86.157,104.18.32.47,0.91,BOTNET
1776197240.1253629,104.18.32.47,10.58.86.157,0.826,SUSPICIOUS
1776197243.283072,10.58.86.157,10.58.86.75,0.747,SUSPICIOUS
1776197243.8116553,10.58.86.75,10.58.86.157,0.709,SUSPICIOUS
1776197244.4683003,10.58.86.157,23.193.56.41,0.819,SUSPICIOUS
1776197244.516365,23.193.56.41,10.58.86.157,0.521,NORMAL
1776197244.6065176,23.193.56.41,10.58.86.157,0.48,NORMAL
1776197244.6949182,23.193.56.41,10.58.86.157,0.506,NORMAL
1776197244.9317842,10.58.86.157,8.8.8.8,0.65,NORMAL
1776197244.9873326,8.8.8.8,10.58.86.157,0.664,NORMAL
1776197246.0622098,10.58.86.157,3.233.158.24,0.89,SUSPICIOUS
1776197246.1071925,10.58.86.157,3.233.158.112,0.925,BOTNET
1776197246.3166325,3.233.158.24,10.58.86.157,0.798,SUSPICIOUS
1776197249.1058617,10.58.86.157,52.26.210.209,0.847,SUSPICIOUS
1776197249.385963,52.26.210.209,10.58.86.157,0.805,SUSPICIOUS
1776197249.9396057,49.44.136.97,10.58.86.157,0.848,SUSPICIOUS
1776197249.9810405,10.58.86.157,49.44.136.97,0.934,BOTNET
1776197251.0218165,10.58.86.157,8.8.8.8,0.654,NORMAL
1776197251.3904846,8.8.8.8,10.58.86.157,0.65,NORMAL
1776197253.049606,10.58.86.157,104.18.32.47,0.906,BOTNET
1776197253.2148805,10.58.86.157,142.251.154.119,0.908,BOTNET
1776197253.2673824,104.18.32.47,10.58.86.157,0.843,SUSPICIOUS
1776197253.4686487,142.251.154.119,10.58.86.157,0.899,SUSPICIOUS
1776197254.6030667,10.58.86.157,23.193.56.41,0.822,SUSPICIOUS
1776197254.66678,23.193.56.41,10.58.86.157,0.507,NORMAL
1776197254.7718532,23.193.56.41,10.58.86.157,0.526,NORMAL
1776197254.867981,23.193.56.41,10.58.86.157,0.527,NORMAL
1776197257.1005864,10.58.86.157,8.8.8.8,0.665,NORMAL
1776197257.1655347,8.8.8.8,10.58.86.157,0.645,NORMAL
1776197259.3423357,49.44.136.97,10.58.86.157,0.829,SUSPICIOUS
1776197260.11902,10.58.86.157,52.26.210.209,0.889,SUSPICIOUS
1776197260.5501316,52.26.210.209,10.58.86.157,0.853,SUSPICIOUS
1776197261.2281177,10.58.86.157,13.89.179.13,0.931,BOTNET
1776197261.588413,13.89.179.13,10.58.86.157,0.966,BOTNET
1776197262.3061206,10.58.86.157,10.58.86.75,0.798,SUSPICIOUS
1776197262.3437338,10.58.86.75,10.58.86.157,0.777,SUSPICIOUS
1776197263.1746333,10.58.86.157,8.8.8.8,0.669,NORMAL
1776197263.2292721,8.8.8.8,10.58.86.157,0.646,NORMAL
1776197264.4818945,10.58.86.157,23.193.56.41,0.827,SUSPICIOUS
1776197264.526802,23.193.56.41,10.58.86.157,0.525,NORMAL
1776197264.6047192,23.193.56.41,10.58.86.157,0.481,NORMAL
1776197264.7070632,23.193.56.41,10.58.86.157,0.541,NORMAL
1776197268.1899583,10.58.86.157,18.161.216.123,0.922,BOTNET
1776197268.239409,18.161.216.123,10.58.86.157,0.929,BOTNET
1776197269.242729,10.58.86.157,8.8.8.8,0.671,NORMAL
1776197269.30664,8.8.8.8,10.58.86.157,0.659,NORMAL
1776197269.4113605,49.44.136.97,10.58.86.157,0.843,SUSPICIOUS
1776197269.4413483,10.58.86.157,49.44.136.97,0.945,BOTNET
1776197270.3476646,10.58.86.157,10.58.86.75,0.808,SUSPICIOUS
1776197270.3901067,10.58.86.75,10.58.86.157,0.781,SUSPICIOUS
1776197274.1149726,10.58.86.157,142.251.153.119,0.903,BOTNET
1776197274.5647626,10.58.86.157,23.193.56.41,0.827,SUSPICIOUS
1776197274.611876,23.193.56.41,10.58.86.157,0.548,NORMAL
1776197274.7010236,23.193.56.41,10.58.86.157,0.53,NORMAL
1776197274.7829545,23.193.56.41,10.58.86.157,0.441,NORMAL
1776197275.3236485,10.58.86.157,8.8.8.8,0.661,NORMAL
1776197275.3792126,8.8.8.8,10.58.86.157,0.673,NORMAL
1776197275.7701473,10.58.86.157,104.18.32.47,0.915,BOTNET
1776197275.846945,104.18.32.47,10.58.86.157,0.849,SUSPICIOUS
1776197277.6477907,10.58.86.157,13.89.179.13,0.936,BOTNET
1776197278.0824525,13.89.179.13,10.58.86.157,0.908,BOTNET
1776197278.2123537,10.58.86.157,104.18.32.47,0.777,SUSPICIOUS
1776197281.1224828,104.18.32.47,10.58.86.157,0.773,SUSPICIOUS
1776197281.4033349,10.58.86.157,8.8.8.8,0.657,NORMAL
1776197281.461168,8.8.8.8,10.58.86.157,0.673,NORMAL
1776197283.89536,10.58.86.157,3.233.158.112,0.875,SUSPICIOUS
1776197284.3184197,3.233.158.112,10.58.86.157,0.794,SUSPICIOUS
1776197284.3722847,142.251.153.119,10.58.86.157,0.96,BOTNET
1776197284.4422092,10.58.86.157,142.251.153.119,0.92,BOTNET
1776197284.5056558,10.58.86.157,3.233.158.24,0.857,SUSPICIOUS
1776197284.5463345,10.58.86.157,10.58.86.75,0.884,SUSPICIOUS
1776197284.5873775,10.58.86.157,23.193.56.41,0.825,SUSPICIOUS
1776197284.6374688,10.58.86.75,10.58.86.157,0.903,BOTNET
1776197284.701114,23.193.56.41,10.58.86.157,0.434,NORMAL
1776197284.8013053,23.193.56.41,10.58.86.157,0.483,NORMAL
1776197284.8925383,23.193.56.41,10.58.86.157,0.466,NORMAL
1776197286.0289223,49.44.136.97,10.58.86.157,0.851,SUSPICIOUS
1776197286.0809875,10.58.86.157,49.44.136.97,0.941,BOTNET
1776197287.2226756,10.58.86.157,104.18.32.47,0.773,SUSPICIOUS
1776197287.4714558,104.18.32.47,10.58.86.157,0.768,SUSPICIOUS
1776197287.530315,10.58.86.157,8.8.8.8,0.642,NORMAL
1776197287.5837064,8.8.8.8,10.58.86.157,0.652,NORMAL
1776197288.0265348,10.58.86.157,13.89.179.13,0.934,BOTNET
1776197288.3169107,13.89.179.13,10.58.86.157,0.891,SUSPICIOUS
1776197289.9474485,10.58.86.157,10.58.86.75,0.871,SUSPICIOUS
1776197289.9960434,10.58.86.75,10.58.86.157,0.839,SUSPICIOUS
1776197290.0958683,10.58.86.157,52.26.210.209,0.914,BOTNET
1776197290.152672,10.58.86.157,104.18.32.47,0.607,NORMAL
1776197290.2291439,104.18.32.47,10.58.86.157,0.662,NORMAL
1776197290.3303206,52.26.210.209,10.58.86.157,0.869,SUSPICIOUS
1776197290.6948266,10.58.86.157,10.58.86.75,0.891,SUSPICIOUS
1776197290.7516868,10.58.86.75,10.58.86.157,0.796,SUSPICIOUS
1776197290.8489423,10.58.86.157,10.58.86.75,0.792,SUSPICIOUS
1776197290.9338274,10.58.86.75,10.58.86.157,0.673,NORMAL
1776197291.0966656,10.58.86.157,10.58.86.75,0.789,SUSPICIOUS
1776197291.1745815,104.18.32.47,10.58.86.157,0.665,NORMAL
1776197292.023708,10.58.86.75,10.58.86.157,0.735,SUSPICIOUS
1776197292.080554,49.44.113.10,10.58.86.157,0.93,BOTNET
1776197292.1609445,49.44.113.10,10.58.86.157,0.829,SUSPICIOUS
1776197292.4282515,10.58.86.157,49.44.113.10,0.721,SUSPICIOUS
1776197292.9745922,49.44.113.9,10.58.86.157,0.67,NORMAL
1776197293.1219018,49.44.136.8,10.58.86.157,0.616,NORMAL
1776197293.464963,10.58.86.157,104.18.32.47,0.694,NORMAL
1776197293.5588722,10.58.86.157,8.8.8.8,0.655,NORMAL
1776197293.5978975,8.8.8.8,10.58.86.157,0.652,NORMAL
1776197294.5346627,10.58.86.157,3.233.158.112,0.881,SUSPICIOUS
1776197294.582192,10.58.86.157,23.193.56.41,0.846,SUSPICIOUS
1776197294.6225252,23.193.56.41,10.58.86.157,0.486,NORMAL
1776197294.6993203,23.193.56.41,10.58.86.157,0.5,NORMAL
1776197294.771922,23.193.56.41,10.58.86.157,0.53,NORMAL
1776197294.8465767,3.233.158.24,10.58.86.157,0.8,SUSPICIOUS
1776197294.8920863,3.233.158.112,10.58.86.157,0.796,SUSPICIOUS
1776197295.9936237,10.58.86.157,150.171.109.129,0.889,SUSPICIOUS
1776197296.0286849,150.171.109.129,10.58.86.157,0.951,BOTNET
1776197296.3172789,150.171.27.11,10.58.86.157,0.734,SUSPICIOUS
1776197296.3576677,10.58.86.157,150.171.27.11,0.855,SUSPICIOUS
1776197297.3260252,10.58.86.157,104.18.32.47,0.575,NORMAL
1776197297.3652403,104.18.32.47,10.58.86.157,0.587,NORMAL
1776197299.633447,10.58.86.157,8.8.8.8,0.659,NORMAL
1776197300.1934907,49.44.136.97,10.58.86.157,0.863,SUSPICIOUS
1776197300.2307334,10.58.86.157,49.44.136.97,0.943,BOTNET
1776197300.6761348,8.8.8.8,10.58.86.157,0.643,NORMAL
1776197301.0437732,10.58.86.157,3.233.158.24,0.833,SUSPICIOUS
1776197301.0895123,10.58.86.157,3.233.158.112,0.826,SUSPICIOUS
1776197301.1368794,184.84.232.80,10.58.86.157,0.848,SUSPICIOUS
1776197301.174747,10.58.86.157,49.44.136.8,0.956,BOTNET
1776197301.2127285,10.58.86.157,184.84.232.80,0.932,BOTNET
1776197301.3267403,3.233.158.24,10.58.86.157,0.761,SUSPICIOUS
1776197301.3620908,3.233.158.112,10.58.86.157,0.768,SUSPICIOUS
1776197302.691826,104.18.32.47,10.58.86.157,0.61,NORMAL
1776197302.7399356,10.58.86.157,104.18.32.47,0.683,NORMAL
1776197304.103033,10.58.86.157,142.251.153.119,0.906,BOTNET
1776197304.1460364,142.251.153.119,10.58.86.157,0.938,BOTNET
1776197304.6797957,10.58.86.157,23.193.56.41,0.854,SUSPICIOUS
1776197304.7224364,23.193.56.41,10.58.86.157,0.513,NORMAL
1776197304.7887697,23.193.56.41,10.58.86.157,0.464,NORMAL
1776197304.859434,23.193.56.41,10.58.86.157,0.455,NORMAL
1776197304.914781,52.26.210.209,10.58.86.157,0.891,SUSPICIOUS
1776197304.9526858,10.58.86.157,52.26.210.209,0.921,BOTNET
1776197305.6712193,10.58.86.157,8.8.8.8,0.669,NORMAL
1776197306.7176268,8.8.8.8,10.58.86.157,0.664,NORMAL
1776197307.8704293,104.18.32.47,10.58.86.157,0.619,NORMAL
1776197307.9175434,10.58.86.157,104.18.32.47,0.661,NORMAL
1776197309.8967223,10.58.86.157,10.58.86.75,0.773,SUSPICIOUS
1776197309.9474137,10.58.86.157,3.233.158.112,0.828,SUSPICIOUS
1776197309.9954636,10.58.86.157,3.233.158.24,0.817,SUSPICIOUS
1776197310.132171,3.233.158.112,10.58.86.157,0.774,SUSPICIOUS
1776197310.1756516,3.233.158.24,10.58.86.157,0.754,SUSPICIOUS
1776197311.7312677,10.58.86.157,8.8.8.8,0.66,NORMAL
1776197312.682683,49.44.136.97,10.58.86.157,0.844,SUSPICIOUS
1776197312.7756894,8.8.8.8,10.58.86.157,0.664,NORMAL
1776197313.5917232,104.18.32.47,10.58.86.157,0.624,NORMAL
1776197313.630663,10.58.86.157,104.18.32.47,0.737,SUSPICIOUS
1776197314.4910405,10.58.86.157,13.89.179.13,0.929,BOTNET
1776197314.5313737,10.58.86.157,23.193.56.41,0.861,SUSPICIOUS
1776197314.568814,23.193.56.41,10.58.86.157,0.46,NORMAL
1776197314.642399,23.193.56.41,10.58.86.157,0.475,NORMAL
1776197314.699122,23.193.56.41,10.58.86.157,0.572,NORMAL
1776197314.7715807,13.89.179.13,10.58.86.157,0.855,SUSPICIOUS
1776197315.2747433,10.58.86.157,104.18.32.47,0.764,SUSPICIOUS
1776197315.322772,10.58.86.157,3.233.158.24,0.827,SUSPICIOUS
1776197315.360772,10.58.86.157,3.233.158.112,0.819,SUSPICIOUS
1776197315.4203753,104.18.32.47,10.58.86.157,0.6,NORMAL
1776197315.522627,3.233.158.112,10.58.86.157,0.764,SUSPICIOUS
1776197315.566095,3.233.158.24,10.58.86.157,0.743,SUSPICIOUS
1776197317.8046994,10.58.86.157,8.8.8.8,0.643,NORMAL
1776197318.691691,104.18.39.21,10.58.86.157,0.734,SUSPICIOUS
1776197318.740346,10.58.86.157,104.18.39.21,0.729,SUSPICIOUS
1776197319.0799668,8.8.8.8,10.58.86.157,0.658,NORMAL
1776197320.3298926,10.58.86.157,104.18.32.47,0.73,SUSPICIOUS
1776197320.4760222,10.58.86.157,3.233.158.112,0.848,SUSPICIOUS
1776197320.517589,10.58.86.157,3.233.158.114,0.861,SUSPICIOUS
1776197320.61583,10.58.86.157,104.18.32.47,0.573,NORMAL
1776197320.6637306,104.18.32.47,10.58.86.157,0.504,NORMAL
1776197320.8549345,3.233.158.114,10.58.86.157,0.903,BOTNET
1776197320.899402,3.233.158.112,10.58.86.157,0.792,SUSPICIOUS
1776197322.870864,49.44.136.97,10.58.86.157,0.841,SUSPICIOUS
1776197322.900147,10.58.86.157,49.44.136.97,0.942,BOTNET
1776197323.8705902,10.58.86.157,8.8.8.8,0.646,NORMAL
1776197324.5910425,104.18.32.47,10.58.86.157,0.484,NORMAL
1776197324.678563,10.58.86.157,23.193.56.41,0.841,SUSPICIOUS
1776197324.7174518,23.193.56.41,10.58.86.157,0.568,NORMAL
1776197324.798222,23.193.56.41,10.58.86.157,0.599,NORMAL
1776197324.8723536,23.193.56.41,10.58.86.157,0.492,NORMAL
1776197325.938498,8.8.8.8,10.58.86.157,0.651,NORMAL
1776197326.8437462,10.58.86.157,104.18.32.47,0.563,NORMAL
1776197327.6660993,10.58.86.157,3.233.158.112,0.83,SUSPICIOUS
1776197327.7076042,10.58.86.157,3.233.158.24,0.81,SUSPICIOUS
1776197327.9326653,3.233.158.24,10.58.86.157,0.746,SUSPICIOUS
1776197327.9699118,3.233.158.112,10.58.86.157,0.766,SUSPICIOUS
1776197329.9372048,10.58.86.157,8.8.8.8,0.655,NORMAL
1776197332.0028303,8.8.8.8,10.58.86.157,0.651,NORMAL
1776197333.317817,10.58.86.157,13.89.179.13,0.929,BOTNET
1776197333.617024,13.89.179.13,10.58.86.157,0.855,SUSPICIOUS
1776197334.0982444,10.58.86.157,142.251.153.119,0.901,BOTNET
1776197334.1506581,142.251.153.119,10.58.86.157,0.939,BOTNET
1776197334.5338976,10.58.86.157,23.193.56.41,0.833,SUSPICIOUS
1776197334.5922499,23.193.56.41,10.58.86.157,0.492,NORMAL
1776197334.6660814,23.193.56.41,10.58.86.157,0.444,NORMAL
1776197334.7409177,23.193.56.41,10.58.86.157,0.51,NORMAL
1776197336.0102606,10.58.86.157,8.8.8.8,0.673,NORMAL
1776197336.478593,10.58.86.157,3.233.158.112,0.846,SUSPICIOUS
1776197336.5099099,10.58.86.157,3.233.158.24,0.825,SUSPICIOUS
1776197336.7748485,3.233.158.24,10.58.86.157,0.752,SUSPICIOUS
1776197338.078608,8.8.8.8,10.58.86.157,0.666,NORMAL
1776197341.9602704,10.58.86.157,104.18.32.47,0.66,NORMAL
1776197342.0456855,104.18.32.47,10.58.86.157,0.578,NORMAL
1776197342.0889728,10.58.86.157,8.8.8.8,0.673,NORMAL
1776197344.1557581,8.8.8.8,10.58.86.157,0.673,NORMAL
1776197344.6340103,10.58.86.157,23.193.56.41,0.834,SUSPICIOUS
1776197344.6738813,23.193.56.41,10.58.86.157,0.508,NORMAL
1776197344.737468,23.193.56.41,10.58.86.157,0.528,NORMAL
1776197344.7984986,23.193.56.41,10.58.86.157,0.601,NORMAL
1776197346.8806212,49.44.136.97,10.58.86.157,0.83,SUSPICIOUS
1776197347.4295309,10.58.86.157,3.233.158.24,0.839,SUSPICIOUS
1776197347.682884,3.233.158.24,10.58.86.157,0.775,SUSPICIOUS
1776197348.1647286,10.58.86.157,8.8.8.8,0.675,NORMAL
1776197348.224436,10.58.86.157,104.18.32.47,0.847,SUSPICIOUS
1776197348.2901328,104.18.32.47,10.58.86.157,0.729,SUSPICIOUS
1776197348.4586437,49.44.113.10,10.58.86.157,0.767,SUSPICIOUS
1776197348.548745,49.44.113.10,10.58.86.157,0.638,NORMAL
1776197349.0177379,49.44.136.8,10.58.86.157,0.556,NORMAL
1776197349.218882,49.44.136.8,10.58.86.157,0.563,NORMAL
1776197349.369946,49.44.113.9,10.58.86.157,0.622,NORMAL
1776197350.254705,8.8.8.8,10.58.86.157,0.672,NORMAL
1776197351.7812767,10.58.86.157,10.58.86.75,0.859,SUSPICIOUS
1776197351.8247225,10.58.86.75,10.58.86.157,0.749,SUSPICIOUS
1776197352.1752722,10.58.86.157,10.58.86.75,0.837,SUSPICIOUS
1776197352.2223718,10.58.86.75,10.58.86.157,0.848,SUSPICIOUS
1776197354.2372537,10.58.86.157,8.8.8.8,0.671,NORMAL
1776197354.4881172,10.58.86.157,23.193.56.41,0.84,SUSPICIOUS
1776197354.5481746,23.193.56.41,10.58.86.157,0.603,NORMAL
1776197354.652797,10.58.86.157,3.233.158.112,0.848,SUSPICIOUS
1776197354.7061474,10.58.86.157,3.233.158.24,0.893,SUSPICIOUS
1776197354.8118763,23.193.56.41,10.58.86.157,0.647,NORMAL
1776197354.8997786,23.193.56.41,10.58.86.157,0.526,NORMAL
1776197355.1379807,3.233.158.112,10.58.86.157,0.762,SUSPICIOUS
1776197355.1857264,3.233.158.24,10.58.86.157,0.815,SUSPICIOUS
1776197356.2990868,8.8.8.8,10.58.86.157,0.662,NORMAL
1776197356.963712,49.44.136.97,10.58.86.157,0.848,SUSPICIOUS
1776197357.0178294,10.58.86.157,49.44.136.97,0.942,BOTNET
1776197357.3386319,184.84.232.80,10.58.86.157,0.848,SUSPICIOUS
1776197357.3813627,10.58.86.157,184.84.232.80,0.931,BOTNET
1776197357.4353356,10.58.86.157,49.44.136.8,0.964,BOTNET
1776197357.9637055,10.58.86.75,10.58.86.157,0.773,SUSPICIOUS
1776197358.039807,10.58.86.157,10.58.86.75,0.791,SUSPICIOUS
1776197358.8486435,10.58.86.157,104.18.32.47,0.882,SUSPICIOUS
1776197358.9109535,104.18.32.47,10.58.86.157,0.813,SUSPICIOUS
1776197360.328832,10.58.86.157,8.8.8.8,0.668,NORMAL
1776197362.0122244,10.58.86.157,3.233.158.24,0.851,SUSPICIOUS
1776197362.0661104,10.58.86.157,3.233.158.112,0.847,SUSPICIOUS
1776197362.3812277,3.233.158.24,10.58.86.157,0.786,SUSPICIOUS
1776197362.429228,3.233.158.112,10.58.86.157,0.721,SUSPICIOUS
1776197362.489105,8.8.8.8,10.58.86.157,0.648,NORMAL
1776197364.113819,10.58.86.157,142.251.153.119,0.886,SUSPICIOUS
1776197364.1603913,104.18.39.21,10.58.86.157,0.783,SUSPICIOUS
1776197364.2073288,10.58.86.157,104.18.39.21,0.786,SUSPICIOUS
1776197364.5952835,10.58.86.157,23.193.56.41,0.838,SUSPICIOUS
1776197364.648859,23.193.56.41,10.58.86.157,0.518,NORMAL
1776197364.7504337,23.193.56.41,10.58.86.157,0.503,NORMAL
1776197364.8237953,23.193.56.41,10.58.86.157,0.547,NORMAL
1776197366.3974156,10.58.86.157,8.8.8.8,0.648,NORMAL
1776197368.4799159,8.8.8.8,10.58.86.157,0.648,NORMAL
1776197368.5328815,13.89.179.13,10.58.86.157,0.854,SUSPICIOUS
1776197372.3347006,10.58.86.157,13.89.179.13,0.923,BOTNET
1776197372.472286,10.58.86.157,8.8.8.8,0.653,NORMAL
1776197372.7749462,10.58.86.157,10.58.86.75,0.803,SUSPICIOUS
1776197372.821092,10.58.86.75,10.58.86.157,0.791,SUSPICIOUS
1776197374.4018033,10.58.86.157,10.58.86.75,0.827,SUSPICIOUS
1776197374.4979281,10.58.86.157,23.193.56.41,0.831,SUSPICIOUS
1776197374.5482135,23.193.56.41,10.58.86.157,0.554,NORMAL
1776197374.5894463,8.8.8.8,10.58.86.157,0.659,NORMAL
1776197374.678721,23.193.56.41,10.58.86.157,0.577,NORMAL
1776197374.7776022,23.193.56.41,10.58.86.157,0.549,NORMAL
1776197374.8727274,10.58.86.75,10.58.86.157,0.781,SUSPICIOUS
1776197375.0560906,10.58.86.157,104.18.32.47,0.882,SUSPICIOUS
1776197375.117889,104.18.32.47,10.58.86.157,0.809,SUSPICIOUS
1776197378.5469406,10.58.86.157,8.8.8.8,0.657,NORMAL
1776197379.4582176,10.58.86.157,10.58.86.75,0.84,SUSPICIOUS
1776197380.6145868,49.44.136.97,10.58.86.157,0.842,SUSPICIOUS
1776197380.6648154,10.58.86.157,49.44.136.97,0.944,BOTNET
1776197380.7123044,8.8.8.8,10.58.86.157,0.664,NORMAL
1776197382.0602634,10.58.86.157,104.18.32.47,0.914,BOTNET
1776197382.1449926,104.18.32.47,10.58.86.157,0.844,SUSPICIOUS
1776197382.19474,10.58.86.157,13.89.179.13,0.935,BOTNET
1776197382.4087243,10.58.86.75,10.58.86.157,0.823,SUSPICIOUS
1776197382.493137,13.89.179.13,10.58.86.157,0.855,SUSPICIOUS
1776197384.6088421,10.58.86.157,23.193.56.41,0.83,SUSPICIOUS
1776197384.6603427,10.58.86.157,8.8.8.8,0.674,NORMAL
1776197384.7128499,23.193.56.41,10.58.86.157,0.548,NORMAL
1776197384.7971847,23.193.56.41,10.58.86.157,0.548,NORMAL
1776197384.8787317,23.193.56.41,10.58.86.157,0.575,NORMAL
1776197385.6161942,10.58.86.157,10.58.86.75,0.8,SUSPICIOUS
1776197385.6685321,10.58.86.157,3.233.158.112,0.839,SUSPICIOUS
1776197385.8896892,3.233.158.112,10.58.86.157,0.714,SUSPICIOUS
1776197386.8281357,8.8.8.8,10.58.86.157,0.645,NORMAL
1776197388.9882548,10.58.86.157,104.18.32.47,0.91,BOTNET
1776197389.1913724,104.18.32.47,10.58.86.157,0.832,SUSPICIOUS
1776197391.7283711,10.58.86.157,8.8.8.8,0.671,NORMAL
1776197392.0296044,10.58.86.157,3.233.158.112,0.84,SUSPICIOUS
1776197392.0775623,10.58.86.157,3.233.158.24,0.843,SUSPICIOUS
1776197392.3522124,3.233.158.112,10.58.86.157,0.715,SUSPICIOUS
1776197392.394715,3.233.158.24,10.58.86.157,0.761,SUSPICIOUS
1776197392.5262847,49.44.136.97,10.58.86.157,0.868,SUSPICIOUS
1776197392.5817864,10.58.86.157,49.44.136.97,0.943,BOTNET
1776197393.825249,8.8.8.8,10.58.86.157,0.635,NORMAL
1776197394.1086679,10.58.86.157,10.58.86.75,0.804,SUSPICIOUS
1776197394.1582396,10.58.86.75,10.58.86.157,0.841,SUSPICIOUS
1776197394.5087464,104.18.32.47,10.58.86.157,0.827,SUSPICIOUS
1776197394.552189,10.58.86.157,104.18.32.47,0.902,BOTNET
1776197394.7280796,10.58.86.157,23.193.56.41,0.826,SUSPICIOUS
1776197394.7829719,23.193.56.41,10.58.86.157,0.575,NORMAL
1776197394.876555,23.193.56.41,10.58.86.157,0.524,NORMAL
1776197394.9586444,23.193.56.41,10.58.86.157,0.434,NORMAL
1776197397.813611,10.58.86.157,8.8.8.8,0.673,NORMAL
1776197398.07842,10.58.86.157,142.250.207.195,0.87,SUSPICIOUS
1776197398.1560104,142.250.207.195,10.58.86.157,0.906,BOTNET
1776197398.974801,10.58.86.157,104.18.32.47,0.73,SUSPICIOUS
1776197399.0840156,104.18.32.47,10.58.86.157,0.718,SUSPICIOUS
1776197399.9395194,10.58.86.157,23.193.56.41,0.833,SUSPICIOUS
1776197400.0077581,10.58.86.157,3.233.158.112,0.88,SUSPICIOUS
1776197400.0616488,10.58.86.157,3.233.158.24,0.838,SUSPICIOUS
1776197400.1310935,104.18.32.47,10.58.86.157,0.63,NORMAL
1776197400.2293804,3.233.158.112,10.58.86.157,0.752,SUSPICIOUS
1776197400.2839441,3.233.158.24,10.58.86.157,0.752,SUSPICIOUS
1776197400.894844,8.8.8.8,10.58.86.157,0.638,NORMAL
1776197401.4134855,10.58.86.157,104.18.32.47,0.69,NORMAL
1776197403.9403765,10.58.86.157,8.8.8.8,0.672,NORMAL
1776197404.589425,23.193.56.41,10.58.86.157,0.439,NORMAL
1776197404.6615078,23.193.56.41,10.58.86.157,0.482,NORMAL
1776197404.7289996,23.193.56.41,10.58.86.157,0.512,NORMAL
1776197405.772235,104.18.32.47,10.58.86.157,0.571,NORMAL
1776197406.8784227,10.58.86.157,104.18.32.47,0.654,NORMAL
1776197407.0181003,8.8.8.8,10.58.86.157,0.655,NORMAL
1776197410.0158567,10.58.86.157,8.8.8.8,0.669,NORMAL
1776197410.2169034,104.18.32.47,10.58.86.157,0.564,NORMAL
1776197411.3811615,10.58.86.157,104.18.32.47,0.737,SUSPICIOUS
1776197412.0687985,10.58.86.157,3.233.158.24,0.883,SUSPICIOUS
1776197412.114879,10.58.86.157,3.233.158.112,0.881,SUSPICIOUS
1776197412.3323677,3.233.158.24,10.58.86.157,0.783,SUSPICIOUS
1776197412.3860362,3.233.158.112,10.58.86.157,0.779,SUSPICIOUS
1776197413.1717072,8.8.8.8,10.58.86.157,0.663,NORMAL
1776197414.678613,10.58.86.157,23.193.56.41,0.836,SUSPICIOUS
1776197414.7311082,23.193.56.41,10.58.86.157,0.506,NORMAL
1776197414.8024507,23.193.56.41,10.58.86.157,0.434,NORMAL
1776197414.8671348,23.193.56.41,10.58.86.157,0.498,NORMAL
1776197415.706382,104.18.32.47,10.58.86.157,0.604,NORMAL
1776197416.0868814,10.58.86.157,8.8.8.8,0.662,NORMAL
1776197416.6284301,10.58.86.157,104.18.32.47,0.724,SUSPICIOUS
1776197419.168685,8.8.8.8,10.58.86.157,0.668,NORMAL
1776197420.8892853,10.58.86.157,3.233.158.112,0.892,SUSPICIOUS
1776197420.9287884,10.58.86.157,3.233.158.24,0.888,SUSPICIOUS
1776197421.3738985,3.233.158.112,10.58.86.157,0.797,SUSPICIOUS
1776197421.4075766,3.233.158.24,10.58.86.157,0.796,SUSPICIOUS
1776197422.1795852,10.58.86.157,8.8.8.8,0.659,NORMAL
1776197422.367307,10.58.86.157,104.18.32.47,0.739,SUSPICIOUS
1776197422.6759775,104.18.32.47,10.58.86.157,0.578,NORMAL
1776197422.8673458,10.58.86.157,104.18.32.47,0.661,NORMAL
1776197423.4860747,10.58.86.157,104.18.39.21,0.762,SUSPICIOUS
1776197423.527659,104.18.39.21,10.58.86.157,0.769,SUSPICIOUS
1776197424.1157131,10.58.86.157,142.251.150.119,0.891,SUSPICIOUS
1776197424.3029957,142.251.150.119,10.58.86.157,0.923,BOTNET
1776197534.8202293,23.193.56.41,10.58.86.157,0.464,NORMAL
1776197534.879808,23.193.56.41,10.58.86.157,0.647,NORMAL
1776197537.3719966,10.58.86.157,10.58.86.75,0.915,BOTNET
1776197537.5166426,10.58.86.75,10.58.86.157,0.792,SUSPICIOUS
1776197538.0358624,10.58.86.157,8.8.8.8,0.618,NORMAL
1776197538.0876215,8.8.8.8,10.58.86.157,0.674,NORMAL
1776197539.9208581,54.172.36.156,10.58.86.157,0.474,NORMAL
1776197544.0962834,10.58.86.157,8.8.8.8,0.647,NORMAL
1776197544.1549616,8.8.8.8,10.58.86.157,0.673,NORMAL
1776197544.8337429,10.58.86.157,23.193.56.41,0.835,SUSPICIOUS
1776197544.8860207,23.193.56.41,10.58.86.157,0.679,NORMAL
1776197544.9836872,23.193.56.41,10.58.86.157,0.622,NORMAL
1776197545.1179173,23.193.56.41,10.58.86.157,0.566,NORMAL
1776197545.1829767,10.58.86.157,10.58.86.75,0.863,SUSPICIOUS
1776197545.2296267,10.58.86.75,10.58.86.157,0.8,SUSPICIOUS
1776197546.1539626,49.44.136.8,10.58.86.157,0.848,SUSPICIOUS
1776197546.1960666,10.58.86.157,49.44.136.8,0.932,BOTNET
1776197548.9390373,10.58.86.157,104.18.32.47,0.902,BOTNET
1776197549.0204165,104.18.32.47,10.58.86.157,0.841,SUSPICIOUS
1776197550.8759437,10.58.86.157,52.168.117.169,0.934,BOTNET
1776197551.1864576,10.58.86.157,8.8.8.8,0.65,NORMAL
1776197551.2368662,52.168.117.169,10.58.86.157,0.978,BOTNET
1776197551.286201,8.8.8.8,10.58.86.157,0.672,NORMAL
1776197552.1130872,10.58.86.157,3.233.158.24,0.922,BOTNET
1776197552.1467807,10.58.86.157,3.233.158.112,0.871,SUSPICIOUS
1776197552.4839194,3.233.158.112,10.58.86.157,0.774,SUSPICIOUS
1776197718.9999382,10.58.86.157,8.8.8.8,0.674,NORMAL
1776197719.0523648,8.8.8.8,10.58.86.157,0.673,NORMAL
1776197721.7512262,23.193.56.41,10.58.86.157,0.556,NORMAL
1776197721.824073,23.193.56.41,10.58.86.157,0.64,NORMAL
1776197722.5036247,10.58.86.157,35.237.69.59,0.864,SUSPICIOUS
1776197722.9138157,35.237.69.59,10.58.86.157,0.82,SUSPICIOUS
1776197724.0559206,10.58.86.157,10.58.86.75,0.842,SUSPICIOUS
1776197724.110423,10.58.86.75,10.58.86.157,0.895,SUSPICIOUS
1776197725.0720556,10.58.86.157,8.8.8.8,0.674,NORMAL
1776197725.1189086,8.8.8.8,10.58.86.157,0.669,NORMAL
1776197726.8069623,49.44.136.97,10.58.86.157,0.848,SUSPICIOUS
1776197726.8611221,10.58.86.157,49.44.136.97,0.932,BOTNET
1776197728.0614483,10.58.86.157,35.237.69.59,0.813,SUSPICIOUS
1776197728.545854,35.237.69.59,10.58.86.157,0.777,SUSPICIOUS
1776197731.1490488,10.58.86.157,8.8.8.8,0.674,NORMAL
1776197731.3999686,8.8.8.8,10.58.86.157,0.653,NORMAL
1776197731.5903158,10.58.86.157,23.193.56.41,0.82,SUSPICIOUS
1776197731.8633447,23.193.56.41,10.58.86.157,0.678,NORMAL
1776197731.9864573,10.58.86.157,10.58.86.75,0.858,SUSPICIOUS
1776197732.06868,23.193.56.41,10.58.86.157,0.649,NORMAL
1776197732.1373906,23.193.56.41,10.58.86.157,0.611,NORMAL
1776197732.2096343,10.58.86.75,10.58.86.157,0.902,BOTNET
1776197732.2647467,10.58.86.157,104.18.32.47,0.9,SUSPICIOUS
1776197732.3388288,104.18.32.47,10.58.86.157,0.797,SUSPICIOUS
1776197733.7660992,10.58.86.157,104.18.32.47,0.768,SUSPICIOUS
1776197733.984717,10.58.86.157,52.168.117.169,0.962,BOTNET
1776197734.160801,52.168.117.169,10.58.86.157,0.859,SUSPICIOUS
1776197734.7279153,10.58.86.157,35.237.69.59,0.793,SUSPICIOUS
1776197734.9969482,35.237.69.59,10.58.86.157,0.751,SUSPICIOUS
1776197735.4628727,10.58.86.157,3.233.158.24,0.96,BOTNET
1776197735.8578653,3.233.158.24,10.58.86.157,0.98,BOTNET
1776197737.5176814,10.58.86.157,8.8.8.8,0.66,NORMAL
1776197737.578658,8.8.8.8,10.58.86.157,0.64,NORMAL
1776197738.534945,10.58.86.157,3.233.158.24,0.724,SUSPICIOUS
1776197738.590328,104.18.32.47,10.58.86.157,0.755,SUSPICIOUS
1776197739.9617279,10.58.86.157,104.18.32.47,0.806,SUSPICIOUS
1776197741.3907316,10.58.86.157,35.237.69.59,0.768,SUSPICIOUS
1776197741.6319046,104.18.32.47,10.58.86.157,0.693,NORMAL
1776197741.6822178,35.237.69.59,10.58.86.157,0.713,SUSPICIOUS
1776197741.7478867,10.58.86.157,104.18.32.47,0.768,SUSPICIOUS
1776197741.830341,10.58.86.157,23.193.56.41,0.837,SUSPICIOUS
1776197741.8776217,23.193.56.41,10.58.86.157,0.601,NORMAL
1776197741.9577231,23.193.56.41,10.58.86.157,0.493,NORMAL
1776197742.0306358,23.193.56.41,10.58.86.157,0.463,NORMAL
1776197742.2362192,104.18.32.47,10.58.86.157,0.618,NORMAL
1776197742.5754848,49.44.136.8,10.58.86.157,0.849,SUSPICIOUS
1776197742.614862,10.58.86.157,49.44.136.8,0.932,BOTNET
1776197743.5911674,10.58.86.157,8.8.8.8,0.656,NORMAL
1776197743.6669166,8.8.8.8,10.58.86.157,0.643,NORMAL
1776197744.2246597,10.58.86.157,3.233.158.24,0.789,SUSPICIOUS
1776197744.5078158,3.233.158.24,10.58.86.157,0.883,SUSPICIOUS
1776197745.321885,10.58.86.157,104.18.32.47,0.79,SUSPICIOUS
1776197747.8972626,104.18.32.47,10.58.86.157,0.554,NORMAL
1776227220.0560303,142.250.66.10,10.17.23.186,0.518,NORMAL
1776227220.6204298,10.17.23.186,8.8.8.8,0.676,NORMAL
1776227220.6573224,8.8.8.8,10.17.23.186,0.639,NORMAL
1776227221.1791968,0.0.0.0,255.255.255.255,0.592,NORMAL
1776227221.6651566,fe80::888b:d9ff:fe1e:9315,ff02::1:ff71:8f64,0.583,NORMAL
1776227221.7172916,10.17.4.87,224.0.0.251,0.753,SUSPICIOUS
1776227221.896689,::,ff02::16,0.575,NORMAL
1776227223.353405,10.17.23.159,224.0.0.251,0.689,NORMAL
1776227223.3914049,fe80::141b:7d78:9a6d:e72,ff02::fb,0.703,SUSPICIOUS
1776227223.8468678,10.17.23.186,23.202.229.23,0.907,BOTNET
1776227223.8925695,23.202.229.23,10.17.23.186,0.822,SUSPICIOUS
1776227225.2387776,8.8.4.4,10.17.23.186,0.857,SUSPICIOUS
1776227225.2768571,10.17.23.186,8.8.4.4,0.764,SUSPICIOUS
1776227225.3287413,fe80::18a3:d3f6:79f2:c07f,ff02::16,0.671,NORMAL
1776227225.6852438,fe80::14d8:1359:dff9:8e73,ff02::fb,0.652,NORMAL
1776227225.8045902,10.17.23.181,239.255.255.250,0.701,SUSPICIOUS
1776227225.8404055,10.17.23.186,35.237.69.59,0.797,SUSPICIOUS
1776227226.1106374,35.237.69.59,10.17.23.186,0.915,BOTNET
1776227226.3077197,10.17.18.182,224.0.0.251,0.569,NORMAL
1776227226.349562,fe80::5e:20cb:9e69:503a,ff02::fb,0.568,NORMAL
1776227226.3943706,10.17.24.181,239.255.255.250,0.681,NORMAL
1776227226.4356875,fe80::9b5d:cace:ce11:9245,ff02::c,0.722,SUSPICIOUS
1776227226.7570887,8.8.8.8,10.17.23.186,0.656,NORMAL
1776227227.730688,10.17.23.186,8.8.8.8,0.674,NORMAL
1776227227.834553,0.0.0.0,255.255.255.255,0.596,NORMAL
1776227227.9444652,10.17.4.87,224.0.0.251,0.749,SUSPICIOUS
1776227228.0414941,fe80::888b:d9ff:fe1e:9315,ff02::1:ff71:8f64,0.581,NORMAL
1776227228.0973742,10.17.18.135,224.0.0.251,0.659,NORMAL
1776227228.1499014,fe80::d873:dff:fe70:26a9,ff02::fb,0.685,NORMAL
1776227229.374514,10.17.15.109,224.0.0.251,0.729,SUSPICIOUS
1776227229.584507,10.17.22.96,224.0.0.251,0.858,SUSPICIOUS
1776227229.6269925,fe80::1ce4:94c8:b200:2e84,ff02::fb,0.872,SUSPICIOUS
1776227230.1947467,fe80::2ed6:44ea:6adb:1306,ff02::fb,0.694,NORMAL
1776227230.2898834,10.17.20.65,224.0.0.251,0.848,SUSPICIOUS
1776227230.337853,fe80::1886:aa30:d577:c224,ff02::fb,0.863,SUSPICIOUS
1776227231.1103203,fe80::68ca:3b4b:9cce:a074,ff02::16,0.771,SUSPICIOUS
1776227231.1613429,10.17.25.51,224.0.0.22,0.774,SUSPICIOUS
1776227231.2164693,fe80::50:ed2c:4a8:909f,ff02::fb,0.748,SUSPICIOUS
1776227231.2733617,10.17.20.247,224.0.0.251,0.74,SUSPICIOUS
1776227231.323952,10.17.21.120,224.0.0.251,0.672,NORMAL
1776227231.4956179,10.17.23.186,35.237.69.59,0.732,SUSPICIOUS
1776227231.727573,10.17.23.223,224.0.0.251,0.875,SUSPICIOUS
1776227231.7848644,fe80::48f:a071:3d84:1b51,ff02::fb,0.875,SUSPICIOUS
1776227231.9250042,10.17.17.122,224.0.0.22,0.829,SUSPICIOUS
1776227231.9771192,35.237.69.59,10.17.23.186,0.824,SUSPICIOUS
1776227232.0848937,fe80::cc07:ddff:fed8:bc97,ff02::16,0.792,SUSPICIOUS
1776227232.2549148,10.17.22.186,224.0.0.251,0.761,SUSPICIOUS
1776227232.283804,fe80::ac2c:f185:7a2d:afd3,ff02::fb,0.781,SUSPICIOUS
1776227232.4399278,fe80::2ed6:44ea:6adb:1306,ff02::c,0.757,SUSPICIOUS
1776227232.4941373,10.17.21.120,239.255.255.250,0.771,SUSPICIOUS
1776227232.8020918,10.17.23.186,142.250.67.35,0.954,BOTNET
1776227232.862267,8.8.8.8,10.17.23.186,0.644,NORMAL
1776227232.9153738,142.250.67.35,10.17.23.186,0.956,BOTNET
1776227233.0723193,10.17.23.159,224.0.0.251,0.729,SUSPICIOUS
1776227233.127473,fe80::141b:7d78:9a6d:e72,ff02::fb,0.733,SUSPICIOUS
1776227233.19129,10.17.23.186,10.17.4.87,0.691,NORMAL
1776227233.6915638,fe80::14d8:1359:dff9:8e73,ff02::fb,0.649,NORMAL
1776227233.7814372,10.17.23.186,8.8.8.8,0.66,NORMAL
1776227233.8485312,10.17.18.135,224.0.0.251,0.596,NORMAL
1776227233.902738,fe80::d873:dff:fe70:26a9,ff02::fb,0.616,NORMAL
1776227233.9804318,10.17.4.87,224.0.0.251,0.746,SUSPICIOUS
1776227234.1037748,10.17.20.144,224.0.0.251,0.823,SUSPICIOUS
1776227234.1610322,fe80::4b1:7da6:e025:d115,ff02::fb,0.823,SUSPICIOUS
1776227234.216395,0.0.0.0,255.255.255.255,0.591,NORMAL
1776227234.377139,10.17.18.182,224.0.0.251,0.566,NORMAL
1776227234.4451845,fe80::5e:20cb:9e69:503a,ff02::fb,0.581,NORMAL
1776227235.4121103,10.17.23.139,224.0.0.251,0.85,SUSPICIOUS
1776227235.4858143,fe80::94:a196:c292:5252,ff02::fb,0.867,SUSPICIOUS
1776227236.2893906,10.17.23.186,8.8.4.4,0.811,SUSPICIOUS
1776227236.3668451,8.8.4.4,10.17.23.186,0.9,BOTNET
1776227236.5966868,10.17.22.159,224.0.0.251,0.675,NORMAL
1776227237.5657785,10.17.15.109,224.0.0.251,0.657,NORMAL
1776227237.699403,fe80::2ed6:44ea:6adb:1306,ff02::c,0.744,SUSPICIOUS
1776227237.7420387,10.17.21.120,239.255.255.250,0.747,SUSPICIOUS
1776227238.1681683,10.17.23.186,35.237.69.59,0.748,SUSPICIOUS
1776227238.2435935,fe80::949f:faa3:a0bc:71d1,ff02::16,0.563,NORMAL
1776227238.315181,172.64.148.235,10.17.23.186,0.766,SUSPICIOUS
1776227238.4813411,10.17.21.210,239.255.255.250,0.721,SUSPICIOUS
1776227238.5303812,35.237.69.59,10.17.23.186,0.788,SUSPICIOUS
1776227238.6577516,10.17.23.186,8.8.8.8,0.745,SUSPICIOUS
1776227238.733497,10.17.25.34,224.0.0.22,0.593,NORMAL
1776227238.7850502,10.17.21.120,224.0.0.251,0.682,NORMAL
1776227238.8397849,fe80::2ed6:44ea:6adb:1306,ff02::fb,0.704,SUSPICIOUS
1776227238.907234,10.17.21.120,10.17.31.255,0.829,SUSPICIOUS
1776227238.9673107,8.8.8.8,10.17.23.186,0.745,SUSPICIOUS
1776227239.0543952,10.17.23.186,8.8.8.8,0.834,SUSPICIOUS
1776227239.1607418,142.251.152.119,10.17.23.186,0.445,NORMAL
1776227239.2109072,8.8.8.8,10.17.23.186,0.732,SUSPICIOUS
1776227239.2574852,8.8.8.8,10.17.23.186,0.835,SUSPICIOUS
1776227239.3239431,10.17.23.186,142.251.152.119,0.598,NORMAL
1776227239.529066,10.17.22.148,224.0.0.251,0.7,SUSPICIOUS
1776227239.5884812,fe80::8d2:9ff6:c291:da5e,ff02::fb,0.698,NORMAL
1776227239.840538,10.17.4.87,224.0.0.251,0.743,SUSPICIOUS
1776227240.0509987,10.17.21.99,10.17.31.255,0.81,SUSPICIOUS
1776227240.1163845,0.0.0.0,255.255.255.255,0.617,NORMAL
1776227240.2176697,10.17.23.186,8.8.8.8,0.834,SUSPICIOUS
1776227240.3285708,10.17.23.186,10.17.4.87,0.69,NORMAL
1776227240.4333484,10.17.23.186,40.79.141.153,0.935,BOTNET
1776227240.5205905,10.17.23.186,8.8.8.8,0.742,SUSPICIOUS
1776227240.5793116,8.8.8.8,10.17.23.186,0.724,SUSPICIOUS
1776227240.6308773,10.17.18.182,224.0.0.251,0.621,NORMAL
1776227240.6768756,fe80::5e:20cb:9e69:503a,ff02::fb,0.628,NORMAL
1776227240.764145,10.17.23.159,224.0.0.251,0.704,SUSPICIOUS
1776227240.804998,fe80::141b:7d78:9a6d:e72,ff02::fb,0.721,SUSPICIOUS
1776227240.9203393,40.79.141.153,10.17.23.186,0.856,SUSPICIOUS
1776227240.9640572,10.17.18.135,224.0.0.251,0.619,NORMAL
1776227240.998046,fe80::d873:dff:fe70:26a9,ff02::fb,0.629,NORMAL
1776227241.3129792,10.17.18.182,10.17.31.255,0.68,NORMAL
1776227241.4101002,10.17.15.109,239.255.255.250,0.834,SUSPICIOUS
1776227241.465439,10.17.22.183,224.0.0.251,0.695,NORMAL
1776227241.5084798,fe80::1849:3f30:803f:453c,ff02::fb,0.695,NORMAL
1776227241.7868955,10.17.16.30,224.0.0.22,0.829,SUSPICIOUS
1776227241.8218908,10.17.23.250,224.0.0.251,0.744,SUSPICIOUS
1776227241.8566525,fe80::1079:2513:11df:383,ff02::fb,0.757,SUSPICIOUS
1776227241.902811,fe80::8f56:e88e:fe1f:e5c6,ff02::fb,0.793,SUSPICIOUS
1776227241.940882,10.17.24.217,224.0.0.251,0.847,SUSPICIOUS
1776227242.0694838,8.8.8.8,10.17.23.186,0.719,SUSPICIOUS
1776227242.1160374,142.250.206.78,10.17.23.186,0.775,SUSPICIOUS
1776227242.2941518,fe80::3a8d:c303:8e89:ff76,ff02::fb,0.705,SUSPICIOUS
1776227242.5094435,10.17.24.217,10.17.31.255,0.77,SUSPICIOUS
1776227242.6915545,142.250.206.78,10.17.23.186,0.638,NORMAL
1776227242.9323146,142.250.206.78,10.17.23.186,0.646,NORMAL
1776227243.0967398,10.17.18.196,224.0.0.22,0.812,SUSPICIOUS
1776227243.370082,10.17.21.120,239.255.255.250,0.675,NORMAL
1776227243.686016,10.17.15.109,224.0.0.251,0.662,NORMAL
1776227243.7641118,fe80::2ed6:44ea:6adb:1306,ff02::c,0.684,NORMAL
1776227243.8353114,10.17.17.250,224.0.0.22,0.802,SUSPICIOUS
1776227243.907122,fe80::a0d5:43ff:fef4:3d1d,ff02::16,0.792,SUSPICIOUS
1776227244.1631033,10.17.21.201,224.0.0.251,0.832,SUSPICIOUS
1776227244.3003607,10.17.23.186,142.250.206.78,0.623,NORMAL
1776227244.5792346,10.17.21.201,10.17.31.255,0.686,NORMAL
1776227244.651805,10.17.21.201,224.0.0.252,0.797,SUSPICIOUS
1776227244.7734544,10.17.20.3,10.17.31.255,0.804,SUSPICIOUS
1776227245.0390377,10.17.16.237,224.0.0.251,0.793,SUSPICIOUS
1776227245.1009066,fe80::8bc:3416:d9a:3587,ff02::fb,0.798,SUSPICIOUS
1776227245.203888,10.17.23.186,8.8.8.8,0.59,NORMAL
1776227245.3363187,10.17.23.186,8.8.4.4,0.854,SUSPICIOUS
1776227245.4208188,10.17.23.186,34.231.72.68,0.949,BOTNET
1776227245.6780288,8.8.4.4,10.17.23.186,0.911,BOTNET
1776227245.8291295,10.17.23.186,35.237.69.59,0.759,SUSPICIOUS
1776227245.9214003,10.17.21.120,10.17.31.255,0.748,SUSPICIOUS
1776227246.000125,10.17.21.120,255.255.255.255,0.695,NORMAL
1776227246.096318,10.17.4.87,224.0.0.251,0.7,NORMAL
1776227246.182394,10.17.20.173,239.255.255.250,0.696,NORMAL
1776227246.2823846,0.0.0.0,255.255.255.255,0.638,NORMAL
1776227246.69584,8.8.8.8,10.17.23.186,0.632,NORMAL
1776227246.8272376,34.231.72.68,10.17.23.186,0.848,SUSPICIOUS
1776227247.0182166,fe80::f33d:f5f6:9408:6a,ff02::c,0.731,SUSPICIOUS
1776227247.2122386,35.237.69.59,10.17.23.186,0.743,SUSPICIOUS
1776227247.327774,fe80::1079:2513:11df:383,ff02::fb,0.758,SUSPICIOUS
1776227247.4504147,fe80::52b6:a37c:4080:7807,ff02::1:2,0.695,NORMAL
1776227247.6287966,8.8.8.8,10.17.23.186,0.653,NORMAL
1776227247.9820635,10.17.22.48,224.0.0.251,0.861,SUSPICIOUS
1776227248.0729294,fe80::18f1:e836:daf6:496e,ff02::fb,0.861,SUSPICIOUS
1776227248.1475284,fe80::4744:88b6:396d:e154,ff02::16,0.675,NORMAL
1776227248.2179916,10.17.19.155,224.0.0.22,0.676,NORMAL
1776227248.375052,fe80::487:293f:1794:d280,ff02::fb,0.803,SUSPICIOUS
1776227248.4864304,10.17.17.66,224.0.0.251,0.803,SUSPICIOUS
1776227248.5977037,10.17.21.120,224.0.0.251,0.712,SUSPICIOUS
1776227248.6836348,fe80::2ed6:44ea:6adb:1306,ff02::fb,0.732,SUSPICIOUS
1776227249.0524888,10.17.23.186,8.8.8.8,0.605,NORMAL
1776227249.2224662,74.125.24.119,10.17.23.186,0.85,SUSPICIOUS
1776227249.2935693,10.17.23.186,74.125.24.119,0.904,BOTNET
1776227249.5818355,10.17.23.186,10.17.15.109,0.741,SUSPICIOUS
1776227249.6484003,10.17.23.186,10.17.4.87,0.728,SUSPICIOUS
1776227249.7134933,10.17.25.50,224.0.0.22,0.829,SUSPICIOUS
1776227249.7839987,10.17.24.90,224.0.0.22,0.809,SUSPICIOUS
1776227249.9749866,10.17.23.186,142.250.206.78,0.732,SUSPICIOUS
1776227250.038382,142.250.206.78,10.17.23.186,0.675,NORMAL
1776227250.3398862,10.17.21.149,239.255.255.250,0.835,SUSPICIOUS
1776227250.4867675,74.125.24.119,10.17.23.186,0.731,SUSPICIOUS
1776227250.6275873,142.250.77.129,10.17.23.186,0.57,NORMAL
1776227250.9182398,74.125.24.119,10.17.23.186,0.688,NORMAL
1776227251.0594661,10.17.18.177,224.0.0.251,0.792,SUSPICIOUS
1776227251.1205595,fe80::5087:b0ff:fe6a:ed05,ff02::fb,0.79,SUSPICIOUS
1776227251.2077682,10.17.16.73,224.0.0.251,0.687,NORMAL
1776227251.2819111,fe80::ecab:72ff:fe9a:f20c,ff02::fb,0.702,SUSPICIOUS
1776227251.3811152,74.125.24.119,10.17.23.186,0.548,NORMAL
1776227251.495022,10.17.23.186,74.125.168.135,0.757,SUSPICIOUS
1776227251.571812,142.251.152.119,10.17.23.186,0.69,NORMAL
1776227251.766812,10.17.17.56,224.0.0.251,0.886,SUSPICIOUS
1776227251.8223686,fe80::1c05:aa98:24a1:e9d4,ff02::fb,0.886,SUSPICIOUS
1776227252.0470667,10.17.21.120,255.255.255.255,0.787,SUSPICIOUS
1776227252.2229176,74.125.168.135,10.17.23.186,0.753,SUSPICIOUS
1776227252.401994,fe80::dc4c:6dff:fed4:fc59,ff02::fb,0.717,SUSPICIOUS
1776227252.4757676,10.17.17.167,224.0.0.251,0.733,SUSPICIOUS
1776227252.5956998,fe80::34ce:ea90:c518:adcf,ff02::c,0.671,NORMAL
1776227252.7135084,10.17.23.156,239.255.255.250,0.802,SUSPICIOUS
1776227252.9532526,fe80::48ee:f3ff:fe45:be62,ff02::fb,0.834,SUSPICIOUS
1776227253.081831,10.17.23.186,74.125.24.119,0.715,SUSPICIOUS
1776227253.2905562,74.125.200.132,10.17.23.186,0.59,NORMAL
1776227253.3706203,10.17.23.186,74.125.200.132,0.704,SUSPICIOUS
1776227253.5641081,74.125.200.132,10.17.23.186,0.624,NORMAL
1776227253.822736,10.17.23.186,142.251.151.119,0.864,SUSPICIOUS
1776227253.9508436,10.17.22.159,224.0.0.251,0.751,SUSPICIOUS
1776227254.023199,142.251.151.119,10.17.23.186,0.893,SUSPICIOUS
1776227254.357564,10.17.23.186,142.250.206.78,0.674,NORMAL
1776227254.4397469,142.250.206.78,10.17.23.186,0.706,SUSPICIOUS
1776227254.6416464,142.250.206.78,10.17.23.186,0.728,SUSPICIOUS
1776227254.7923317,142.251.43.35,10.17.23.186,0.838,SUSPICIOUS
1776227254.8576698,10.17.23.186,142.251.43.35,0.841,SUSPICIOUS
1776227254.9759955,35.237.69.59,10.17.23.186,0.744,SUSPICIOUS
1776227255.1146736,10.17.23.186,8.8.8.8,0.655,NORMAL
1776227255.2019737,8.8.8.8,10.17.23.186,0.741,SUSPICIOUS
1776227255.3023345,8.8.8.8,10.17.23.186,0.739,SUSPICIOUS
1776227255.378372,10.17.23.186,142.250.206.78,0.775,SUSPICIOUS
1776227256.0113351,74.125.200.132,10.17.23.186,0.672,NORMAL
1776227256.0710633,10.17.23.186,74.125.200.132,0.731,SUSPICIOUS
1776227256.520351,10.17.23.197,224.0.0.251,0.851,SUSPICIOUS
1776227256.6179333,fe80::af:8f8b:c96e:3565,ff02::fb,0.849,SUSPICIOUS
1776227256.7524529,fe80::18f1:e836:daf6:496e,ff02::fb,0.867,SUSPICIOUS
1776227256.8463562,142.250.206.78,10.17.23.186,0.719,SUSPICIOUS
1776227256.9215,fe80::c162:bf85:7fd:3bef,ff02::c,0.753,SUSPICIOUS
1776227256.9973023,10.17.21.149,239.255.255.250,0.774,SUSPICIOUS
1776227257.1868975,142.250.206.78,10.17.23.186,0.734,SUSPICIOUS
1776227257.4607642,10.17.23.186,8.8.8.8,0.692,NORMAL
1776227257.5365846,10.17.15.109,224.0.0.251,0.661,NORMAL
1776227257.8052678,0.0.0.0,255.255.255.255,0.634,NORMAL
1776227258.105091,10.17.19.19,224.0.0.251,0.876,SUSPICIOUS
1776227258.206369,fe80::1c03:116a:c13b:a189,ff02::fb,0.878,SUSPICIOUS
1776227258.3534913,10.17.21.120,255.255.255.255,0.788,SUSPICIOUS
1776227258.4031713,10.17.21.120,10.17.31.255,0.727,SUSPICIOUS
1776227258.4855082,fe80::2ed6:44ea:6adb:1306,ff02::fb,0.764,SUSPICIOUS
1776227258.6287134,10.17.23.186,35.237.69.59,0.816,SUSPICIOUS
1776227258.8664792,10.17.20.3,224.0.0.251,0.823,SUSPICIOUS
1776227258.945173,10.17.23.186,40.79.141.153,0.926,BOTNET
1776227259.0651238,10.17.22.159,10.17.31.255,0.699,NORMAL
1776227259.2435439,142.251.151.119,10.17.23.186,0.915,BOTNET
1776227259.3157952,10.17.23.186,142.251.151.119,0.901,BOTNET
1776227259.4497533,10.17.24.183,224.0.0.251,0.717,SUSPICIOUS
1776227259.5209377,fe80::1c66:f674:fc18:620e,ff02::fb,0.712,SUSPICIOUS
1776227259.7390625,10.17.16.176,224.0.0.251,0.72,SUSPICIOUS
1776227259.8280509,fe80::8d9:2a88:77b7:d099,ff02::fb,0.723,SUSPICIOUS
1776227259.8894553,10.17.22.186,224.0.0.251,0.721,SUSPICIOUS
1776227259.956649,fe80::ac2c:f185:7a2d:afd3,ff02::fb,0.731,SUSPICIOUS
1776227260.209758,10.17.23.186,8.8.8.8,0.725,SUSPICIOUS
1776227260.280132,8.8.8.8,10.17.23.186,0.803,SUSPICIOUS
1776227260.6078627,10.17.23.181,239.255.255.250,0.684,NORMAL
1776227260.769496,35.237.69.59,10.17.23.186,0.741,SUSPICIOUS
1776227260.843981,10.17.21.162,224.0.0.251,0.831,SUSPICIOUS
1776227260.94831,10.17.23.186,10.17.4.87,0.718,SUSPICIOUS
1776227261.0196834,10.17.24.217,224.0.0.251,0.818,SUSPICIOUS
1776227261.0868943,fe80::8f56:e88e:fe1f:e5c6,ff02::fb,0.794,SUSPICIOUS
1776227261.1601055,8.8.8.8,10.17.23.186,0.718,SUSPICIOUS
1776227261.2274072,10.17.21.63,224.0.0.251,0.74,SUSPICIOUS
1776227261.3667996,10.17.19.155,224.0.0.22,0.684,NORMAL
1776227261.4406312,fe80::4744:88b6:396d:e154,ff02::16,0.671,NORMAL
1776227261.6821556,10.17.4.87,224.0.0.251,0.68,NORMAL
1776227261.7605314,fe80::1cc0:c34e:5da9:9c0,ff02::fb,0.87,SUSPICIOUS
1776227262.0973902,10.17.19.195,224.0.0.251,0.795,SUSPICIOUS
1776227262.1778684,fe80::4866:f1ff:feeb:e566,ff02::fb,0.799,SUSPICIOUS
1776227262.397437,10.17.22.48,224.0.0.251,0.793,SUSPICIOUS
1776227262.471701,fe80::18f1:e836:daf6:496e,ff02::fb,0.817,SUSPICIOUS
1776227262.5617347,10.17.21.63,10.17.31.255,0.701,SUSPICIOUS
1776227262.7066064,fe80::ff76:ed0f:28cf:f18e,ff02::16,0.722,SUSPICIOUS
1776227262.82385,10.17.23.186,34.231.72.68,0.954,BOTNET
1776227262.9358501,34.231.72.68,10.17.23.186,0.847,SUSPICIOUS
1776227263.0652633,10.17.23.186,10.17.15.109,0.703,SUSPICIOUS
1776227263.1933038,10.17.21.63,239.255.255.250,0.725,SUSPICIOUS
1776227263.6838434,10.17.16.140,224.0.0.22,0.729,SUSPICIOUS
1776227263.859005,10.17.21.201,224.0.0.251,0.84,SUSPICIOUS
1776227264.0811796,0.0.0.0,255.255.255.255,0.608,NORMAL
1776227264.1533988,10.17.23.186,8.8.8.8,0.675,NORMAL
1776227264.4502642,10.17.23.186,35.237.69.59,0.779,SUSPICIOUS
1776227264.5452137,10.17.15.109,224.0.0.251,0.682,NORMAL
1776227264.9268887,10.17.22.181,239.255.255.250,0.699,NORMAL
1776227264.998453,10.17.23.186,8.8.8.8,0.791,SUSPICIOUS
1776227265.1926656,142.251.153.119,10.17.23.186,0.927,BOTNET
1776227265.2537217,10.17.23.186,142.251.153.119,0.913,BOTNET
1776227265.3164375,10.17.21.63,255.255.255.255,0.76,SUSPICIOUS
1776227265.6410568,10.17.20.91,224.0.0.251,0.794,SUSPICIOUS
1776227265.707923,fe80::ecda:1fff:fe8a:4256,ff02::fb,0.814,SUSPICIOUS
1776227265.8303688,35.237.69.59,10.17.23.186,0.674,NORMAL
1776227265.9298456,10.17.20.112,224.0.0.251,0.797,SUSPICIOUS
1776227266.0064018,fe80::8808:e2ff:fe79:3873,ff02::fb,0.801,SUSPICIOUS
1776227266.160539,10.17.23.139,224.0.0.251,0.834,SUSPICIOUS
1776227266.2558644,fe80::94:a196:c292:5252,ff02::fb,0.849,SUSPICIOUS
1776227266.4442046,10.17.18.135,239.255.255.250,0.609,NORMAL
1776227267.0921843,10.17.4.87,224.0.0.251,0.624,NORMAL
1776227267.2226164,10.17.23.159,224.0.0.251,0.699,NORMAL
1776227267.2934456,fe80::141b:7d78:9a6d:e72,ff02::fb,0.712,SUSPICIOUS
1776227267.3620741,8.8.8.8,10.17.23.186,0.71,SUSPICIOUS
1776227267.4655302,10.17.22.97,224.0.0.22,0.725,SUSPICIOUS
1776227267.5697887,fe80::3890:beff:fe43:f0e,ff02::16,0.68,NORMAL
1776227267.655142,10.17.25.60,239.255.255.250,0.717,SUSPICIOUS
1776227268.084751,10.17.24.183,224.0.0.251,0.751,SUSPICIOUS
1776227268.1448085,fe80::1c66:f674:fc18:620e,ff02::fb,0.75,SUSPICIOUS
1776227268.246136,10.17.18.135,224.0.0.251,0.624,NORMAL
1776227268.299844,fe80::d873:dff:fe70:26a9,ff02::fb,0.631,NORMAL
1776227268.367246,10.17.21.63,10.17.31.255,0.692,NORMAL
1776227268.4975388,fe80::fcf5:c7ff:fe3a:86fb,ff02::16,0.78,SUSPICIOUS
1776227268.5583413,::,ff02::16,0.57,NORMAL
1776227268.6603625,fe80::6416:b557:94de:58d9,ff02::c,0.675,NORMAL
1776227268.7593305,10.17.22.159,224.0.0.251,0.734,SUSPICIOUS
1776227268.8342986,fe80::14d8:1359:dff9:8e73,ff02::fb,0.671,NORMAL
1776227268.9188416,10.17.21.113,10.17.31.255,0.593,NORMAL
1776227268.9817116,10.17.23.186,10.17.15.109,0.741,SUSPICIOUS
1776227269.4483292,fe80::3a8d:c303:8e89:ff76,ff02::fb,0.642,NORMAL
1776227269.9809828,10.17.15.109,10.17.23.186,0.785,SUSPICIOUS
1776227270.1097097,10.17.23.186,35.237.69.59,0.724,SUSPICIOUS
1776227270.1976807,10.17.19.243,224.0.0.22,0.802,SUSPICIOUS
1776227270.2852235,10.17.23.186,8.8.8.8,0.735,SUSPICIOUS
1776227270.4646168,fe80::306a:e7ff:fe23:964d,ff02::16,0.792,SUSPICIOUS
1776227270.5488944,fe80::1e4d:f49c:9c67:5c65,ff02::1:2,0.807,SUSPICIOUS
1776227270.7559507,10.17.25.62,239.255.255.250,0.726,SUSPICIOUS
1776227271.1819067,10.17.21.63,224.0.0.251,0.761,SUSPICIOUS
1776227271.2629888,fe80::48ee:f3ff:fe45:be62,ff02::fb,0.745,SUSPICIOUS
1776227271.3258035,10.17.21.162,224.0.0.251,0.749,SUSPICIOUS
1776227271.428022,10.17.21.63,255.255.255.255,0.751,SUSPICIOUS
1776227271.5029726,10.17.15.109,224.0.0.251,0.656,NORMAL
1776227272.2085934,10.17.20.80,224.0.0.251,0.788,SUSPICIOUS
1776227272.2687771,fe80::180e:9ae3:9584:a9e2,ff02::fb,0.788,SUSPICIOUS
1776227272.530336,10.17.23.200,224.0.0.251,0.772,SUSPICIOUS
1776227272.6347399,35.237.69.59,10.17.23.186,0.663,NORMAL
1776227273.0099638,fe80::90e6:a8ff:fe99:abd9,ff02::fb,0.825,SUSPICIOUS
1776227273.0652757,10.17.22.59,224.0.0.251,0.83,SUSPICIOUS
1776227273.273984,0.0.0.0,255.255.255.255,0.62,NORMAL
1776227273.4343839,10.17.4.87,224.0.0.251,0.609,NORMAL
1776227273.584949,fe80::143b:42c0:3c97:47b,ff02::fb,0.769,SUSPICIOUS
1776227273.7919888,fe80::4ba7:15d9:723e:a6fa,ff02::1:2,0.807,SUSPICIOUS
1776227273.857,fe80::9779:1cf4:17ec:5ae5,ff02::c,0.657,NORMAL
1776227273.950866,10.17.24.219,239.255.255.250,0.658,NORMAL
1776227274.1635191,fe80::82fa:2764:e920:c019,ff02::1:2,0.807,SUSPICIOUS
1776227274.3402603,8.8.8.8,10.17.23.186,0.634,NORMAL
1776227274.5480225,10.17.24.181,239.255.255.250,0.74,SUSPICIOUS
1776227274.6176052,10.17.24.219,255.255.255.255,0.793,SUSPICIOUS
1776227274.6921782,10.17.24.219,10.17.31.255,0.68,NORMAL
1776227275.203504,10.17.23.186,35.237.69.59,0.698,NORMAL
1776227275.586143,fe80::9779:1cf4:17ec:5ae5,ff02::fb,0.721,SUSPICIOUS
1776227275.6624353,10.17.24.219,224.0.0.251,0.685,NORMAL
1776227275.7657473,10.17.23.186,10.17.15.109,0.741,SUSPICIOUS
1776227276.2718656,10.17.16.140,224.0.0.22,0.766,SUSPICIOUS
1776227277.108641,10.17.17.86,224.0.0.251,0.731,SUSPICIOUS
1776227277.1844616,fe80::83:5e4a:9fd8:6548,ff02::fb,0.739,SUSPICIOUS
1776227277.3121452,10.17.23.186,8.8.8.8,0.737,SUSPICIOUS
1776227278.635307,0.0.0.0,255.255.255.255,0.62,NORMAL
1776227279.3758638,10.17.23.159,224.0.0.251,0.697,NORMAL
1776227279.4358633,fe80::141b:7d78:9a6d:e72,ff02::fb,0.723,SUSPICIOUS
1776227279.5119135,35.237.69.59,10.17.23.186,0.66,NORMAL
1776227279.9572165,10.17.15.109,224.0.0.251,0.661,NORMAL
1776227280.0489957,fe80::b519:d3a0:73e8:4174,ff02::16,0.672,NORMAL
1776227280.1201472,10.17.16.89,224.0.0.22,0.69,NORMAL
1776227280.2163858,fe80::dc4c:6dff:fed4:fc59,ff02::fb,0.635,NORMAL
1776227280.3666277,10.17.17.167,224.0.0.251,0.621,NORMAL
1776227280.459496,8.8.8.8,10.17.23.186,0.634,NORMAL
1776227280.5758421,10.17.23.186,10.17.4.87,0.712,SUSPICIOUS
1776227280.6525254,10.17.17.231,224.0.0.251,0.834,SUSPICIOUS
1776227280.702814,fe80::c3c:b085:3fab:dff2,ff02::fb,0.86,SUSPICIOUS
1776227280.7668674,10.17.4.87,224.0.0.251,0.626,NORMAL
1776227280.8467293,10.17.24.219,255.255.255.255,0.794,SUSPICIOUS
1776227280.9056835,10.17.24.219,10.17.31.255,0.682,NORMAL
1776227281.1409247,10.17.20.95,224.0.0.251,0.801,SUSPICIOUS
1776227281.2080393,fe80::4e9:ba1a:38c4:4409,ff02::fb,0.813,SUSPICIOUS
1776227281.3818748,10.17.22.59,224.0.0.251,0.7,NORMAL
1776227281.4650178,fe80::90e6:a8ff:fe99:abd9,ff02::fb,0.695,NORMAL
1776227281.6360781,fe80::9b5d:cace:ce11:9245,ff02::c,0.772,SUSPICIOUS
1776227281.8345594,10.17.20.247,224.0.0.251,0.67,NORMAL
1776227281.893568,fe80::50:ed2c:4a8:909f,ff02::fb,0.68,NORMAL
1776227282.1322775,10.17.23.186,35.237.69.59,0.73,SUSPICIOUS
1776227282.64063,10.17.18.155,224.0.0.251,0.877,SUSPICIOUS
1776227282.7321572,fe80::1c98:50d7:c052:abc0,ff02::fb,0.875,SUSPICIOUS
1776227282.9083803,10.17.20.65,224.0.0.251,0.864,SUSPICIOUS
1776227282.976884,fe80::1886:aa30:d577:c224,ff02::fb,0.869,SUSPICIOUS
1776227283.3810098,10.17.23.186,8.8.8.8,0.619,NORMAL
1776227283.5544102,10.17.18.66,224.0.0.251,0.638,NORMAL
1776227283.6261342,fe80::dc06:55ff:fe93:80d5,ff02::fb,0.653,NORMAL
1776227284.0538263,0.0.0.0,255.255.255.255,0.653,NORMAL
1776227284.6001215,10.17.23.250,224.0.0.251,0.802,SUSPICIOUS
1776227284.698465,fe80::1079:2513:11df:383,ff02::fb,0.777,SUSPICIOUS
1776227284.8553603,fe80::58fd:6bff:fecc:2022,ff02::16,0.795,SUSPICIOUS
1776227285.2904096,10.17.23.186,142.251.153.119,0.904,BOTNET
1776227285.4094021,142.251.153.119,10.17.23.186,0.925,BOTNET
1776227285.6335845,::,ff02::16,0.611,NORMAL
1776227285.7580278,fe80::cc32:5a3f:5fc:a338,ff02::c,0.661,NORMAL
1776227286.0020363,10.17.16.140,224.0.0.22,0.778,SUSPICIOUS
1776227286.064058,fe80::9083:83ff:fe86:6130,ff02::16,0.779,SUSPICIOUS
1776227286.1158702,10.17.16.215,239.255.255.250,0.701,SUSPICIOUS
1776227286.3472297,35.237.69.59,10.17.23.186,0.709,SUSPICIOUS
1776227286.4550185,10.17.22.186,224.0.0.251,0.703,SUSPICIOUS
1776227286.5193808,fe80::ac2c:f185:7a2d:afd3,ff02::fb,0.713,SUSPICIOUS
1776227286.6027317,10.17.16.215,10.17.31.255,0.726,SUSPICIOUS
1776227286.7313163,10.17.23.181,239.255.255.250,0.676,NORMAL
1776227287.4763236,8.8.8.8,10.17.23.186,0.617,NORMAL
1776227287.5426273,fe80::cc32:5a3f:5fc:a338,ff02::fb,0.711,SUSPICIOUS
1776227287.6154377,10.17.16.215,224.0.0.251,0.735,SUSPICIOUS
1776227287.6862195,10.17.15.109,224.0.0.251,0.624,NORMAL
1776227287.7639806,10.17.4.87,224.0.0.251,0.635,NORMAL
1776227287.870175,fe80::90e6:a8ff:fe99:abd9,ff02::fb,0.706,SUSPICIOUS
1776227288.0527112,10.17.17.231,224.0.0.251,0.845,SUSPICIOUS
1776227288.1240377,fe80::c3c:b085:3fab:dff2,ff02::fb,0.864,SUSPICIOUS
1776227288.7888908,10.17.23.159,224.0.0.251,0.714,SUSPICIOUS
1776227288.8781157,fe80::141b:7d78:9a6d:e72,ff02::fb,0.727,SUSPICIOUS
1776227288.9484046,10.17.23.186,35.237.69.59,0.768,SUSPICIOUS
1776227289.1592412,10.17.17.250,224.0.0.22,0.802,SUSPICIOUS
1776227289.3778808,10.17.23.186,10.17.4.87,0.667,NORMAL
1776227289.5312645,10.17.16.122,224.0.0.251,0.559,NORMAL
1776227289.5933466,fe80::50:f630:1516:770d,ff02::fb,0.561,NORMAL
1776227289.742185,10.17.23.186,8.8.8.8,0.615,NORMAL
1776227289.865071,0.0.0.0,255.255.255.255,0.648,NORMAL
1776227290.0847096,10.17.18.222,224.0.0.251,0.866,SUSPICIOUS
1776227290.1780682,fe80::1c6b:3a26:2d7d:cee8,ff02::fb,0.854,SUSPICIOUS
1776227290.4442766,10.17.24.71,224.0.0.251,0.81,SUSPICIOUS
1776227290.505482,fe80::2440:daff:fecc:b043,ff02::fb,0.815,SUSPICIOUS
1776227290.5709348,10.17.21.13,224.0.0.251,0.792,SUSPICIOUS
1776227290.6251462,fe80::2125:c6c2:2d2b:b869,ff02::fb,0.792,SUSPICIOUS
1776227290.7603638,10.17.21.13,10.17.31.255,0.79,SUSPICIOUS
1776227290.821482,10.17.21.13,224.0.0.252,0.819,SUSPICIOUS
1776227290.8844142,fe80::2125:c6c2:2d2b:b869,ff02::1:3,0.792,SUSPICIOUS
1776227290.995437,10.17.23.186,104.86.189.73,0.855,SUSPICIOUS
1776227291.0530114,104.86.189.73,10.17.23.186,0.905,BOTNET
1776227291.158041,10.17.20.28,224.0.0.251,0.788,SUSPICIOUS
1776227291.2161934,fe80::4c9b:a3ff:fea4:9fa2,ff02::fb,0.796,SUSPICIOUS
1776227291.9432402,fe80::6445:acff:fe20:19f0,ff02::fb,0.674,NORMAL
1776227291.9844155,10.17.16.236,224.0.0.251,0.666,NORMAL
1776227292.3805702,10.17.16.237,224.0.0.251,0.793,SUSPICIOUS
1776227292.4372132,fe80::8bc:3416:d9a:3587,ff02::fb,0.798,SUSPICIOUS
1776227292.5068486,fe80::14d8:1359:dff9:8e73,ff02::fb,0.719,SUSPICIOUS
1776227292.5694287,10.17.21.159,224.0.0.251,0.798,SUSPICIOUS
1776227292.626302,fe80::8e3:e873:38ab:dd9e,ff02::fb,0.807,SUSPICIOUS
1776227292.70327,fe80::14a8:75b4:108a:889e,ff02::fb,0.807,SUSPICIOUS
1776227292.9203746,10.17.16.215,10.17.31.255,0.713,SUSPICIOUS
1776227292.9790642,10.17.21.153,224.0.0.22,0.829,SUSPICIOUS
1776227293.3224804,10.17.23.43,224.0.0.251,0.858,SUSPICIOUS
1776227293.3810215,fe80::407:31b3:8f0b:52b1,ff02::fb,0.859,SUSPICIOUS
1776227293.449177,35.237.69.59,10.17.23.186,0.717,SUSPICIOUS
1776227293.5252836,fe80::15f1:ed9:f3b9:34c7,ff02::16,0.549,NORMAL
1776227293.5943909,10.17.15.109,224.0.0.251,0.657,NORMAL
1776227293.7111971,10.17.24.105,255.255.255.255,0.832,SUSPICIOUS
1776227293.8247857,10.17.4.87,224.0.0.251,0.693,NORMAL
1776227293.9171507,8.8.8.8,10.17.23.186,0.604,NORMAL
1776227294.154854,10.17.22.96,224.0.0.251,0.837,SUSPICIOUS
1776227294.238756,fe80::1ce4:94c8:b200:2e84,ff02::fb,0.859,SUSPICIOUS
1776227295.1598492,10.17.23.159,224.0.0.251,0.714,SUSPICIOUS
1776227295.223699,fe80::141b:7d78:9a6d:e72,ff02::fb,0.727,SUSPICIOUS
1776227295.5449166,10.17.16.215,224.0.0.251,0.75,SUSPICIOUS
1776227295.6085842,fe80::cc32:5a3f:5fc:a338,ff02::fb,0.744,SUSPICIOUS
1776227296.3288248,10.17.23.186,10.17.4.87,0.678,NORMAL
1776227296.4445128,10.17.24.235,224.0.0.251,0.623,NORMAL
1776227296.502314,fe80::15b8:f621:6137:c7e1,ff02::fb,0.605,NORMAL
1776227296.686454,10.17.23.186,104.86.189.73,0.846,SUSPICIOUS
1776227296.757404,0.0.0.0,255.255.255.255,0.667,NORMAL
1776227296.831954,10.17.23.186,8.8.8.8,0.589,NORMAL
1776227296.899261,104.86.189.73,10.17.23.186,0.869,SUSPICIOUS
1776227297.3433752,10.17.23.186,35.237.69.59,0.778,SUSPICIOUS
1776227297.7119324,10.17.24.235,239.255.255.250,0.664,NORMAL
1776227299.008847,10.17.22.59,224.0.0.251,0.66,NORMAL
1776227299.0779345,fe80::90e6:a8ff:fe99:abd9,ff02::fb,0.628,NORMAL
1776227299.2349644,fe80::407:31b3:8f0b:52b1,ff02::fb,0.773,SUSPICIOUS
1776227299.3210444,10.17.23.43,224.0.0.251,0.776,SUSPICIOUS
1776227299.6250598,fe80::9c58:7eff:fe22:efcd,ff02::16,0.777,SUSPICIOUS
1776227299.6844547,10.17.16.189,224.0.0.251,0.796,SUSPICIOUS
1776227299.7351713,fe80::9cc0:f8ff:fe9f:5640,ff02::fb,0.804,SUSPICIOUS
1776227299.8207517,8.8.8.8,10.17.23.186,0.606,NORMAL
1776227299.9241505,35.237.69.59,10.17.23.186,0.721,SUSPICIOUS
1776227299.9945939,fe80::502c:19ff:fe9b:81c5,ff02::fb,0.772,SUSPICIOUS
1776227300.0676198,10.17.19.7,224.0.0.251,0.776,SUSPICIOUS
1776227300.1783702,10.17.4.87,224.0.0.251,0.698,NORMAL
1776227300.4582112,10.17.15.109,224.0.0.251,0.672,NORMAL
1776227301.5889595,fe80::10ea:c575:4a6d:a75f,ff02::fb,0.817,SUSPICIOUS
1776227301.661368,10.17.18.169,224.0.0.251,0.834,SUSPICIOUS
1776227301.728712,fe80::1c20:6696:d137:486,ff02::fb,0.836,SUSPICIOUS
1776227301.924484,10.17.18.3,224.0.0.251,0.818,SUSPICIOUS
1776227301.9839702,fe80::184e:30a1:51bc:a3b4,ff02::fb,0.821,SUSPICIOUS
1776227302.0526958,10.17.21.84,224.0.0.251,0.816,SUSPICIOUS
1776227302.1203651,fe80::14a8:75b4:108a:889e,ff02::fb,0.813,SUSPICIOUS
1776227302.1896982,10.17.22.148,224.0.0.251,0.728,SUSPICIOUS
1776227302.2657409,fe80::8d2:9ff6:c291:da5e,ff02::fb,0.725,SUSPICIOUS
1776227302.3454068,0.0.0.0,255.255.255.255,0.627,NORMAL
1776227302.437334,10.17.23.186,35.237.69.59,0.792,SUSPICIOUS
1776227302.6593797,10.17.23.159,224.0.0.251,0.696,NORMAL
1776227302.7066603,fe80::141b:7d78:9a6d:e72,ff02::fb,0.697,NORMAL
1776227302.8262317,10.17.23.186,8.8.8.8,0.603,NORMAL
1776227303.3393307,10.17.23.186,10.17.4.87,0.684,NORMAL
1776227303.4285805,10.17.24.235,224.0.0.251,0.587,NORMAL
1776227304.4390574,10.17.23.139,224.0.0.251,0.847,SUSPICIOUS
1776227304.4990642,fe80::94:a196:c292:5252,ff02::fb,0.856,SUSPICIOUS
1776227304.6873856,10.17.16.122,224.0.0.251,0.688,NORMAL
1776227304.7488964,fe80::50:f630:1516:770d,ff02::fb,0.69,NORMAL
1776227304.9180565,10.17.23.186,8.8.8.8,0.701,SUSPICIOUS
1776227305.0364995,8.8.8.8,10.17.23.186,0.719,SUSPICIOUS
1776227305.1234386,10.17.23.186,142.251.43.35,0.872,SUSPICIOUS
1776227305.207699,142.251.43.35,10.17.23.186,0.887,SUSPICIOUS
1776227305.4606903,fe80::15b8:f621:6137:c7e1,ff02::fb,0.642,NORMAL
1776227305.7652624,fe80::1c58:22e6:3210:3244,ff02::fb,0.565,NORMAL
1776227305.8292754,10.17.18.172,224.0.0.251,0.569,NORMAL
1776227305.9065344,8.8.8.8,10.17.23.186,0.716,SUSPICIOUS
1776227306.0002759,fe80::a4ad:22ff:fed5:ff5b,ff02::fb,0.805,SUSPICIOUS
1776227306.0518217,10.17.23.48,224.0.0.251,0.797,SUSPICIOUS
1776227306.1841993,10.17.4.87,224.0.0.251,0.725,SUSPICIOUS
1776227306.257327,10.17.15.109,224.0.0.251,0.742,SUSPICIOUS
1776227306.3122137,::,ff02::16,0.683,NORMAL
1776227306.407328,10.17.23.186,8.8.4.4,0.898,SUSPICIOUS
1776227306.4758735,8.8.4.4,10.17.23.186,0.931,BOTNET
1776227306.6629136,10.17.23.186,10.17.15.109,0.741,SUSPICIOUS
1776227306.7311618,35.237.69.59,10.17.23.186,0.721,SUSPICIOUS
1776227306.8224351,10.17.21.159,224.0.0.251,0.81,SUSPICIOUS
1776227306.88301,fe80::8e3:e873:38ab:dd9e,ff02::fb,0.815,SUSPICIOUS
1776227306.9477196,10.17.22.190,224.0.0.251,0.801,SUSPICIOUS
1776227307.0084264,fe80::14ce:ee4:f59d:fd84,ff02::fb,0.801,SUSPICIOUS
1776227307.0809867,10.17.20.200,224.0.0.251,0.822,SUSPICIOUS
1776227307.1693563,10.17.22.159,224.0.0.251,0.793,SUSPICIOUS
1776227307.2750854,10.17.22.198,224.0.0.251,0.678,NORMAL
1776227307.3417246,fe80::842:7d10:d2fc:ef7a,ff02::fb,0.678,NORMAL
1776227307.4523501,10.17.17.90,224.0.0.251,0.79,SUSPICIOUS
1776227307.5443501,fe80::984a:e1ff:fe89:a83c,ff02::fb,0.8,SUSPICIOUS
1776227307.5955129,fe80::3158:7c31:ab65:c9d3,ff02::16,0.788,SUSPICIOUS
1776227307.7992017,0.0.0.0,255.255.255.255,0.592,NORMAL
1776227308.031728,10.17.20.95,224.0.0.251,0.775,SUSPICIOUS
1776227308.087722,fe80::4e9:ba1a:38c4:4409,ff02::fb,0.784,SUSPICIOUS
1776227308.2859519,10.17.22.160,224.0.0.251,0.787,SUSPICIOUS
1776227308.3489523,fe80::4819:13ff:fecb:bc4c,ff02::fb,0.796,SUSPICIOUS
1776227308.4756749,fe80::e24f:7523:d206:4756,ff02::1:2,0.715,SUSPICIOUS
1776227308.5763025,10.17.22.85,224.0.0.251,0.817,SUSPICIOUS
1776227308.6459246,fe80::ccea:c8ff:feea:f67f,ff02::fb,0.819,SUSPICIOUS
1776227308.7773583,10.17.23.186,35.237.69.59,0.794,SUSPICIOUS
1776227308.8513997,10.17.23.186,8.8.8.8,0.706,SUSPICIOUS
1776227310.0685256,10.17.25.62,224.0.0.251,0.767,SUSPICIOUS
1776227310.133765,fe80::4ba7:15d9:723e:a6fa,ff02::fb,0.788,SUSPICIOUS
1776227311.1881492,10.17.24.235,224.0.0.251,0.596,NORMAL
1776227311.2502716,10.17.21.37,224.0.0.251,0.797,SUSPICIOUS
1776227311.3167005,fe80::c880:c9ff:febf:ffcf,ff02::fb,0.801,SUSPICIOUS
1776227311.7529876,10.17.23.186,8.8.4.4,0.868,SUSPICIOUS
1776227311.820062,8.8.4.4,10.17.23.186,0.897,SUSPICIOUS
1776227311.8925042,10.17.23.186,8.8.8.8,0.756,SUSPICIOUS
1776227311.9611943,8.8.8.8,10.17.23.186,0.794,SUSPICIOUS
1776227312.058801,10.17.23.186,142.251.43.35,0.873,SUSPICIOUS
1776227312.1531003,142.251.43.35,10.17.23.186,0.889,SUSPICIOUS
1776227312.2822056,8.8.8.8,10.17.23.186,0.684,NORMAL
1776227312.4575605,35.237.69.59,10.17.23.186,0.711,SUSPICIOUS
1776227312.5396626,10.17.15.109,224.0.0.251,0.759,SUSPICIOUS
1776227312.605278,10.17.4.87,224.0.0.251,0.724,SUSPICIOUS
1776227313.0368295,fe80::e3c8:2684:79ca:758,ff02::16,0.556,NORMAL
1776227313.1341438,10.17.22.67,224.0.0.22,0.587,NORMAL
1776227313.2066295,10.17.18.172,224.0.0.251,0.655,NORMAL
1776227313.284856,fe80::1c58:22e6:3210:3244,ff02::fb,0.659,NORMAL
1776227313.392859,0.0.0.0,255.255.255.255,0.573,NORMAL
1776227313.4647434,fe80::15b8:f621:6137:c7e1,ff02::fb,0.643,NORMAL
1776227313.5684397,10.17.19.19,224.0.0.251,0.838,SUSPICIOUS
1776227313.6345513,fe80::1c03:116a:c13b:a189,ff02::fb,0.847,SUSPICIOUS
1776227313.9567938,10.17.23.48,224.0.0.251,0.736,SUSPICIOUS
1776227314.0235307,fe80::a4ad:22ff:fed5:ff5b,ff02::fb,0.738,SUSPICIOUS
1776227314.8598437,10.17.23.186,8.8.8.8,0.654,NORMAL
1776227315.5458074,10.17.23.186,35.237.69.59,0.793,SUSPICIOUS
1776227316.6521637,10.17.18.43,224.0.0.251,0.85,SUSPICIOUS
1776227316.7599986,fe80::10e9:54c8:8a8a:9950,ff02::fb,0.873,SUSPICIOUS
1776227316.943827,fe80::8d9:2a88:77b7:d099,ff02::fb,0.735,SUSPICIOUS
1776227317.5465422,10.17.22.186,224.0.0.251,0.68,NORMAL
1776227317.6160274,fe80::ac2c:f185:7a2d:afd3,ff02::fb,0.682,NORMAL
1776227317.7577007,::,ff02::16,0.758,SUSPICIOUS
1776227317.851684,fe80::2522:4f1:13a6:f3c0,ff02::1:3,0.618,NORMAL
1776227317.9125788,10.17.24.23,224.0.0.252,0.64,NORMAL
1776227317.9919796,10.17.22.152,224.0.0.251,0.762,SUSPICIOUS
1776227318.059099,fe80::b81e:16ff:fe4c:31d4,ff02::fb,0.752,SUSPICIOUS
1776227318.1742637,8.8.8.8,10.17.23.186,0.698,NORMAL
1776227318.3737001,fe80::4ba7:15d9:723e:a6fa,ff02::fb,0.78,SUSPICIOUS
1776227318.4804947,fe80::5848:d8ff:fed6:2ad9,ff02::16,0.788,SUSPICIOUS
1776227318.589981,10.17.15.109,224.0.0.251,0.747,SUSPICIOUS
1776227318.6543336,10.17.21.137,239.255.255.250,0.802,SUSPICIOUS
1776227319.0808775,10.17.23.186,10.17.15.109,0.689,NORMAL
1776227319.5495718,10.17.23.186,142.251.43.35,0.892,SUSPICIOUS
1776227319.6091158,142.251.43.35,10.17.23.186,0.885,SUSPICIOUS
1776227319.6936123,0.0.0.0,255.255.255.255,0.579,NORMAL
1776227320.35054,35.237.69.59,10.17.23.186,0.708,SUSPICIOUS
1776227320.4745111,10.17.20.17,224.0.0.22,0.829,SUSPICIOUS
1776227320.5352285,10.17.24.23,224.0.0.251,0.718,SUSPICIOUS
1776227320.5916886,fe80::2522:4f1:13a6:f3c0,ff02::fb,0.713,SUSPICIOUS
1776227320.736168,fe80::101f:abff:fe6e:3724,ff02::16,0.793,SUSPICIOUS
1776227320.8894014,10.17.17.152,224.0.0.251,0.782,SUSPICIOUS
1776227320.95014,fe80::74d5:3cff:fe6c:3bc5,ff02::fb,0.794,SUSPICIOUS
1776227321.1413093,10.17.23.186,8.8.8.8,0.664,NORMAL
1776227321.289744,fe80::407:31b3:8f0b:52b1,ff02::fb,0.792,SUSPICIOUS
1776227321.550341,10.17.25.74,224.0.0.22,0.623,NORMAL
1776227322.0469468,10.17.17.125,224.0.0.22,0.691,NORMAL
1776227322.3345706,10.17.23.186,35.237.69.59,0.787,SUSPICIOUS
1776227322.5556073,10.17.24.181,239.255.255.250,0.734,SUSPICIOUS
1776227323.3931713,10.17.16.176,224.0.0.251,0.789,SUSPICIOUS
1776227323.5256546,10.17.23.186,8.8.4.4,0.851,SUSPICIOUS
1776227323.592389,8.8.4.4,10.17.23.186,0.889,SUSPICIOUS
1776227323.6715446,fe80::141b:7d78:9a6d:e72,ff02::fb,0.691,NORMAL
1776227323.8341181,10.17.24.23,239.255.255.250,0.722,SUSPICIOUS
1776227323.9167657,10.17.24.23,10.17.31.255,0.724,SUSPICIOUS
1776227324.0245426,fe80::2522:4f1:13a6:f3c0,ff02::1:3,0.69,NORMAL
1776227324.0827165,10.17.24.23,224.0.0.252,0.714,SUSPICIOUS
1776227324.1390643,10.17.25.27,224.0.0.251,0.757,SUSPICIOUS
1776227324.1971946,fe80::6fd4:b510:418d:6056,ff02::fb,0.788,SUSPICIOUS
1776227324.3624575,8.8.8.8,10.17.23.186,0.611,NORMAL
1776227324.608291,10.17.15.109,224.0.0.251,0.689,NORMAL
1776227324.723595,10.17.25.27,239.255.255.250,0.722,SUSPICIOUS
1776227324.8759305,10.17.23.186,10.17.4.87,0.659,NORMAL
1776227325.1321218,0.0.0.0,255.255.255.255,0.618,NORMAL
1776227326.8965309,10.17.21.138,239.255.255.250,0.736,SUSPICIOUS
1776227327.0415394,10.17.23.186,8.8.8.8,0.605,NORMAL
1776227327.1435986,35.237.69.59,10.17.23.186,0.698,NORMAL
1776227327.2456367,10.17.4.87,224.0.0.251,0.707,SUSPICIOUS
1776227327.47309,10.17.22.190,239.255.255.250,0.802,SUSPICIOUS
1776227327.646719,fe80::e601:f56e:8edb:c51,ff02::c,0.676,NORMAL
1776227327.7129557,fe80::c0b1:cded:25e:5128,ff02::16,0.659,NORMAL
1776227328.1192129,10.17.25.27,10.17.31.255,0.861,SUSPICIOUS
1776227328.7397845,10.17.23.186,10.17.15.109,0.676,NORMAL
1776227328.9113472,10.17.25.77,239.255.255.250,0.699,NORMAL
1776227329.030649,10.17.17.56,224.0.0.251,0.879,SUSPICIOUS
1776227329.0895646,fe80::1c05:aa98:24a1:e9d4,ff02::fb,0.882,SUSPICIOUS
1776227329.265304,fe80::6fd4:b510:418d:6056,ff02::fb,0.716,SUSPICIOUS
1776227329.3247042,10.17.25.27,224.0.0.251,0.666,NORMAL
1776227329.4063058,10.17.23.186,35.237.69.59,0.786,SUSPICIOUS
1776227329.5638707,fe80::1c7a:8a32:e41b:3417,ff02::fb,0.697,NORMAL
1776227329.6259995,10.17.17.104,224.0.0.251,0.696,NORMAL
1776227329.6940362,10.17.23.186,8.8.8.8,0.679,NORMAL
1776227329.803743,8.8.8.8,10.17.23.186,0.711,SUSPICIOUS
1776227329.9940329,10.17.23.159,224.0.0.251,0.694,NORMAL
1776227330.0437033,fe80::141b:7d78:9a6d:e72,ff02::fb,0.703,SUSPICIOUS
1776227330.184214,8.8.8.8,10.17.23.186,0.711,SUSPICIOUS
1776227330.260201,0.0.0.0,255.255.255.255,0.624,NORMAL
1776227330.853984,10.17.15.109,224.0.0.251,0.692,NORMAL
1776236586.4089174,10.17.23.186,8.8.8.8,0.671,NORMAL
1776236586.8087306,0.0.0.0,255.255.255.255,0.569,NORMAL
1776236586.9799726,10.17.22.199,10.17.31.255,0.572,NORMAL
1776236587.0669982,23.202.229.22,10.17.23.186,0.651,NORMAL
1776236587.2805676,fe80::14d4:39c7:694b:468b,ff02::fb,0.694,NORMAL
1776236587.3300474,10.17.20.193,224.0.0.251,0.677,NORMAL
1776236587.375653,fe80::8e5:75e3:9895:ea01,ff02::fb,0.695,NORMAL
1776236587.461965,10.17.23.186,23.202.229.22,0.367,NORMAL
1776236587.5569189,23.202.229.22,10.17.23.186,0.579,NORMAL
1776236587.659087,23.202.229.22,10.17.23.186,0.57,NORMAL
1776236587.7419255,23.202.229.22,10.17.23.186,0.523,NORMAL
1776236587.8304913,23.202.229.22,10.17.23.186,0.548,NORMAL
1776236587.9490414,23.202.229.22,10.17.23.186,0.522,NORMAL
1776236588.059203,23.202.229.22,10.17.23.186,0.578,NORMAL
1776236588.1930294,23.202.229.22,10.17.23.186,0.545,NORMAL
1776236588.2806005,10.17.23.186,23.202.229.22,0.561,NORMAL
1776236588.4660764,23.202.229.22,10.17.23.186,0.538,NORMAL
1776236588.5537777,8.8.8.8,10.17.23.186,0.59,NORMAL
1776236588.603736,23.202.229.22,10.17.23.186,0.47,NORMAL
1776236588.6557999,fe80::3ec4:114:db61:9a8c,ff02::1:ff56:6da5,0.574,NORMAL
1776236588.7070282,10.17.4.87,224.0.0.251,0.725,SUSPICIOUS
1776236588.7579684,fe80::2d9b:7276:4a93:7a46,ff02::1:ff56:6da5,0.585,NORMAL
1776236588.837719,10.17.21.134,224.0.0.251,0.687,NORMAL
1776236588.87479,fe80::894:a830:feb4:933e,ff02::fb,0.683,NORMAL
1776236588.953699,fe80::fa91:4f81:547c:403,ff02::1:ff56:6da5,0.637,NORMAL
1776236588.9945114,fe80::b950:13eb:4039:214e,ff02::1:3,0.666,NORMAL
1776236589.0293756,10.17.22.199,224.0.0.252,0.709,SUSPICIOUS
1776236589.0616682,fe80::1822:bf1a:fef7:f16d,ff02::1:ff56:6da5,0.676,NORMAL
1776236589.1870728,10.17.15.109,224.0.0.251,0.742,SUSPICIOUS
1776236589.2445002,10.17.24.152,224.0.0.251,0.689,NORMAL
1776236589.2785857,fe80::14a7:b356:af6f:8fb4,ff02::fb,0.69,NORMAL
1776236589.3140447,fe80::6416:b557:94de:58d9,ff02::1:ff56:6da5,0.677,NORMAL
1776236589.5008466,10.17.24.254,239.255.255.250,0.803,SUSPICIOUS
1776236589.7457187,fe80::14c1:3b27:1d79:1f6,ff02::fb,0.807,SUSPICIOUS
1776236589.773722,10.17.20.234,224.0.0.251,0.807,SUSPICIOUS
1776236589.8528006,10.17.29.41,224.0.0.251,0.736,SUSPICIOUS
1776236589.888255,fe80::2:2c5:8014:8ad4,ff02::fb,0.771,SUSPICIOUS
1776236590.1104634,10.17.23.186,10.17.4.87,0.895,SUSPICIOUS
1776236590.450791,10.17.23.186,8.8.8.8,0.715,SUSPICIOUS
1776236590.5011287,8.8.8.8,10.17.23.186,0.653,NORMAL
1776236590.5352645,::,ff02::16,0.672,NORMAL
1776236590.671088,10.17.23.169,224.0.0.251,0.731,SUSPICIOUS
1776236590.698653,fe80::1cb8:9023:a069:6f53,ff02::fb,0.742,SUSPICIOUS
1776236590.7511945,fe80::8bd:bddf:e13f:ae7,ff02::fb,0.708,SUSPICIOUS
1776236590.7971292,10.17.16.220,224.0.0.251,0.827,SUSPICIOUS
1776236590.83392,fe80::c5c:4aaa:cf5:6a9f,ff02::fb,0.825,SUSPICIOUS
1776236590.89158,fe80::4db5:acb8:31b2:775b,ff02::1:ff56:6da5,0.725,SUSPICIOUS
1776236590.9295328,10.17.19.159,224.0.0.251,0.703,SUSPICIOUS
1776236590.960907,fe80::8e9:a8e:8ebe:341f,ff02::fb,0.701,SUSPICIOUS
1776236590.9960642,fe80::f5e4:573c:21ef:83bc,ff02::1:ff56:6da5,0.736,SUSPICIOUS
1776236591.0405707,fe80::147f:89bb:40a5:7826,ff02::fb,0.707,SUSPICIOUS
1776236591.0890555,fe80::1c18:1d1e:6c5c:703,ff02::fb,0.708,SUSPICIOUS
1776236591.1207852,10.17.31.104,224.0.0.251,0.708,SUSPICIOUS
1776236591.1591494,10.17.21.155,224.0.0.251,0.753,SUSPICIOUS
1776236591.2751954,fe80::98d6:1bdb:d002:c9e8,ff02::16,0.791,SUSPICIOUS
1776236591.3111696,10.17.0.221,224.0.0.22,0.828,SUSPICIOUS
1776236591.7829533,10.17.18.29,224.0.0.251,0.683,NORMAL
1776236591.8183181,fe80::48b1:1fff:fee1:2921,ff02::fb,0.702,SUSPICIOUS
1776236591.9853232,0.0.0.0,255.255.255.255,0.564,NORMAL
1776236592.0876572,10.17.31.21,239.255.255.250,0.812,SUSPICIOUS
1776236592.7789106,10.17.30.49,239.255.255.250,0.811,SUSPICIOUS
1776236592.8423915,10.17.16.17,224.0.0.251,0.699,NORMAL
1776236592.8885064,10.17.23.186,35.237.69.59,0.863,SUSPICIOUS
1776236593.2335267,35.237.69.59,10.17.23.186,0.878,SUSPICIOUS
1776236593.508921,10.17.23.186,8.8.8.8,0.681,NORMAL
1776236593.5682337,10.17.22.116,224.0.0.251,0.801,SUSPICIOUS
1776236593.600996,fe80::33:fe02:7178:9dcb,ff02::fb,0.801,SUSPICIOUS
1776236593.6473746,34.201.254.173,10.17.23.186,0.887,SUSPICIOUS
1776236593.7277176,fe80::af54:36b9:ffc6:1821,ff02::16,0.718,SUSPICIOUS
1776236593.7645414,10.17.0.239,224.0.0.22,0.751,SUSPICIOUS
1776236593.8387322,fe80::af54:36b9:ffc6:1821,ff02::1:3,0.717,SUSPICIOUS
1776236593.8771083,10.17.0.239,224.0.0.252,0.718,SUSPICIOUS
1776236593.9708028,fe80::c76:5536:a375:e72,ff02::fb,0.745,SUSPICIOUS
1776236594.0132694,10.17.23.18,224.0.0.251,0.703,SUSPICIOUS
1776236594.0659351,fe80::c8a3:e9e0:b56a:6cf,ff02::1:ff56:6da5,0.684,NORMAL
1776236594.329828,10.17.22.199,10.17.31.255,0.593,NORMAL
1776236594.578754,10.17.21.99,224.0.0.251,0.804,SUSPICIOUS
1776236594.6168923,fe80::1cc0:c34e:5da9:9c0,ff02::fb,0.802,SUSPICIOUS
1776236594.6688585,fe80::894:a830:feb4:933e,ff02::fb,0.665,NORMAL
1776236594.8538759,8.8.8.8,10.17.23.186,0.635,NORMAL
1776236594.9125957,fe80::4ea9:9bb0:c7dd:f1bb,ff02::16,0.788,SUSPICIOUS
1776236594.9433107,10.17.20.72,224.0.0.22,0.799,SUSPICIOUS
1776236595.0002835,10.17.27.22,224.0.0.251,0.819,SUSPICIOUS
1776236595.0442963,10.17.15.109,224.0.0.251,0.731,SUSPICIOUS
1776236595.0907786,10.17.25.61,224.0.0.251,0.818,SUSPICIOUS
1776236595.1206775,fe80::c19:f4cd:829c:4123,ff02::fb,0.822,SUSPICIOUS
1776236595.2896514,10.17.30.146,224.0.0.251,0.583,NORMAL
1776236595.3790495,fe80::d9c5:569b:83e:2079,ff02::1:ff56:6da5,0.679,NORMAL
1776236595.7612665,fe80::10e5:e6d8:a926:c684,ff02::fb,0.823,SUSPICIOUS
1776236595.8057246,10.17.23.186,23.202.229.22,0.588,NORMAL
1776236595.8630085,23.202.229.22,10.17.23.186,0.577,NORMAL
1776236595.897827,10.17.23.186,10.17.4.87,0.818,SUSPICIOUS
1776236596.0144172,fe80::7bbc:5a34:35c8:eae8,ff02::fb,0.593,NORMAL
1776236596.380518,fe80::98d6:1bdb:d002:c9e8,ff02::16,0.792,SUSPICIOUS
1776236596.4115918,10.17.0.221,224.0.0.22,0.817,SUSPICIOUS
1776236596.5062103,fe80::8d55:a076:ab8b:7156,ff02::1:ff56:6da5,0.571,NORMAL
1776236597.1705627,fe80::8bd:bddf:e13f:ae7,ff02::fb,0.709,SUSPICIOUS
1776236597.2179954,fe80::14a7:b356:af6f:8fb4,ff02::fb,0.698,NORMAL
1776236597.2580712,10.17.20.234,224.0.0.251,0.778,SUSPICIOUS
1776236597.2897122,fe80::14c1:3b27:1d79:1f6,ff02::fb,0.779,SUSPICIOUS
1776236597.325133,0.0.0.0,255.255.255.255,0.571,NORMAL
1776236597.4078007,10.17.0.187,239.255.255.250,0.7,NORMAL
1776236597.440486,fe80::f8e9:2ab1:a277:4781,ff02::c,0.703,SUSPICIOUS
1776236597.476234,fe80::8af1:170c:babb:8f88,ff02::1:ff56:6da5,0.588,NORMAL
1776236597.7840955,fe80::fa91:4f81:547c:403,ff02::1:ff56:6da5,0.609,NORMAL
1776236597.8334725,10.17.19.228,224.0.0.251,0.781,SUSPICIOUS
1776236597.9148865,fe80::6416:b557:94de:58d9,ff02::1:ff56:6da5,0.677,NORMAL
1776236598.106912,10.17.23.166,224.0.0.22,0.757,SUSPICIOUS
1776236598.2811112,10.17.23.186,35.237.69.59,0.796,SUSPICIOUS
1776236598.4017897,10.17.15.109,239.255.255.250,0.834,SUSPICIOUS
1776236598.4598615,10.17.31.115,224.0.0.22,0.575,NORMAL
1776236598.5382686,fe80::ef82:23d0:39:dfd1,ff02::16,0.576,NORMAL
1776236598.6716764,10.17.29.47,224.0.0.251,0.853,SUSPICIOUS
1776236598.7121825,fe80::109b:e741:b3ac:7d2b,ff02::fb,0.875,SUSPICIOUS
1776236598.8003175,fe80::67d7:36c1:9571:a87b,ff02::1:ff56:6da5,0.676,NORMAL
1776236598.8501487,10.17.30.183,224.0.0.22,0.806,SUSPICIOUS
1776236599.1662748,35.237.69.59,10.17.23.186,0.808,SUSPICIOUS
1776236599.2426968,10.17.26.29,224.0.0.251,0.58,NORMAL
1776236599.279847,fe80::4cc:8f5c:e99d:c9ed,ff02::fb,0.586,NORMAL
1776236599.3749948,10.17.1.104,224.0.0.22,0.829,SUSPICIOUS
1776236599.494791,10.17.27.135,239.255.255.250,0.822,SUSPICIOUS
1776236599.5561285,fe80::1085:19bb:d94:4bf4,ff02::fb,0.696,NORMAL
1776236599.6655068,10.17.23.88,224.0.0.251,0.733,SUSPICIOUS
1776236599.7521605,10.17.29.218,239.255.255.250,0.823,SUSPICIOUS
1776236599.8516188,fe80::14d4:39c7:694b:468b,ff02::fb,0.704,SUSPICIOUS
1776236599.954367,fe80::f1ba:b02f:e907:87ab,ff02::1:ff56:6da5,0.582,NORMAL
1776236600.6017897,10.17.23.186,8.8.8.8,0.675,NORMAL
1776236600.6900258,10.17.31.14,224.0.0.22,0.757,SUSPICIOUS
1776236600.7231762,fe80::17b9:4efe:2cac:d0ab,ff02::16,0.784,SUSPICIOUS
1776236601.101447,fe80::e7c3:530e:260e:3211,ff02::1:ffd0:6d64,0.625,NORMAL
1776236601.1486123,10.17.23.186,10.17.30.146,0.646,NORMAL
1776236601.1881642,fe80::4d1e:b7ec:247d:3bc,ff02::16,0.793,SUSPICIOUS
1776236601.219429,10.17.30.205,224.0.0.22,0.814,SUSPICIOUS
1776236601.3876007,10.17.21.134,224.0.0.251,0.74,SUSPICIOUS
1776236601.4488566,fe80::894:a830:feb4:933e,ff02::fb,0.707,SUSPICIOUS
1776236601.6937966,10.17.20.193,224.0.0.251,0.679,NORMAL
1776236601.7315528,fe80::8e5:75e3:9895:ea01,ff02::fb,0.694,NORMAL
1776236601.8051589,10.17.30.157,239.255.255.250,0.822,SUSPICIOUS
1776236601.8417008,::,ff02::16,0.73,SUSPICIOUS
1776236601.9767678,8.8.8.8,10.17.23.186,0.638,NORMAL
1776236602.0189848,fe80::d4ee:addc:40d5:b763,ff02::16,0.788,SUSPICIOUS
1776236602.0513523,10.17.0.255,224.0.0.22,0.798,SUSPICIOUS
1776236602.3302784,10.17.31.21,239.255.255.250,0.814,SUSPICIOUS
1776236602.427937,fe80::7bbc:5a34:35c8:eae8,ff02::fb,0.669,NORMAL
1776236602.4686732,10.17.30.146,224.0.0.251,0.578,NORMAL
1776236602.6330235,10.17.4.87,239.255.255.250,0.832,SUSPICIOUS
1776236602.738263,10.17.27.67,224.0.0.22,0.804,SUSPICIOUS
1776236602.923976,10.17.15.109,224.0.0.251,0.738,SUSPICIOUS
1776236602.9662547,0.0.0.0,255.255.255.255,0.593,NORMAL
1776236603.124898,10.17.27.94,224.0.0.251,0.873,SUSPICIOUS
1776236603.1611693,fe80::47c:b24d:2233:90e8,ff02::fb,0.875,SUSPICIOUS
1776236603.1958947,10.17.23.186,224.0.0.251,0.758,SUSPICIOUS
1776236603.2398713,fe80::8457:e3f0:6f84:5f25,ff02::fb,0.78,SUSPICIOUS
1776236603.342891,10.17.30.146,239.255.255.250,0.847,SUSPICIOUS
1776236603.5009508,10.17.19.23,239.255.255.250,0.717,SUSPICIOUS
1776236603.5561278,fe80::2b10:bca8:fa77:3ba0,ff02::c,0.721,SUSPICIOUS
1776236603.675577,10.17.30.49,239.255.255.250,0.824,SUSPICIOUS
1776236603.7409582,10.17.4.87,224.0.0.251,0.72,SUSPICIOUS
1776236603.8450253,10.17.24.152,224.0.0.251,0.745,SUSPICIOUS
1776236604.265277,10.17.23.166,224.0.0.22,0.724,SUSPICIOUS
1776236604.3756144,10.17.22.143,239.255.255.250,0.615,NORMAL
1776236604.4604452,10.17.16.164,224.0.0.251,0.72,SUSPICIOUS
1776236604.4996521,fe80::44d8:ddff:fec3:4c58,ff02::fb,0.718,SUSPICIOUS
1776236604.6656642,10.17.18.23,224.0.0.251,0.82,SUSPICIOUS
1776236604.7029388,fe80::1c28:64ba:27fa:cf31,ff02::fb,0.825,SUSPICIOUS
1776236604.9634805,10.17.23.186,35.237.69.59,0.791,SUSPICIOUS
1776236605.0162797,10.17.20.234,224.0.0.251,0.768,SUSPICIOUS
1776236605.0559273,fe80::14c1:3b27:1d79:1f6,ff02::fb,0.775,SUSPICIOUS
1776236605.1544123,10.17.16.188,224.0.0.251,0.813,SUSPICIOUS
1776236605.1936,fe80::7e6b:9cff:fe21:6147,ff02::fb,0.81,SUSPICIOUS
1776236605.2419584,10.17.16.32,10.17.31.255,0.635,NORMAL
1776236605.3002212,35.237.69.59,10.17.23.186,0.774,SUSPICIOUS
1776236605.3464954,fe80::e9ce:add6:2297:9334,ff02::16,0.666,NORMAL
1776236605.3792548,10.17.25.101,224.0.0.22,0.727,SUSPICIOUS
1776236605.9053433,10.17.16.32,239.255.255.250,0.676,NORMAL
1776236605.9544103,fe80::10f2:40f1:44fd:db95,ff02::fb,0.592,NORMAL
1776236606.1213965,10.17.23.186,51.116.253.170,0.955,BOTNET
1776236606.4337242,51.116.253.170,10.17.23.186,0.961,BOTNET
1776236606.539544,10.17.20.24,224.0.0.251,0.819,SUSPICIOUS
1776236606.7102382,10.17.23.186,8.8.8.8,0.631,NORMAL
1776236606.8379574,fe80::fa91:4f81:547c:403,ff02::1:ff56:6da5,0.632,NORMAL
1776236606.9319775,10.17.20.49,224.0.0.251,0.822,SUSPICIOUS
1776236606.9627166,fe80::103a:f3a2:eb43:9572,ff02::fb,0.822,SUSPICIOUS
1776236607.0043228,10.17.16.93,224.0.0.251,0.811,SUSPICIOUS
1776236607.0368736,fe80::891:faaf:fbbf:d88c,ff02::fb,0.815,SUSPICIOUS
1776236607.0863123,10.17.29.83,224.0.0.251,0.841,SUSPICIOUS
1776236607.1486638,fe80::487:9788:b37b:ff01,ff02::fb,0.851,SUSPICIOUS
1776236607.2507355,fe80::b62b:6a34:9d60:2380,ff02::1:ff56:6da5,0.694,NORMAL
1776236607.773049,8.8.8.8,10.17.23.186,0.609,NORMAL
1776236607.9413202,fe80::457f:410d:8396:41bc,ff02::1:ff56:6da5,0.791,SUSPICIOUS
1776236607.9739375,10.17.30.146,224.0.0.251,0.577,NORMAL
1776236608.1495366,fe80::7bbc:5a34:35c8:eae8,ff02::fb,0.641,NORMAL
1776236608.671968,0.0.0.0,255.255.255.255,0.602,NORMAL
1776236608.866118,10.17.23.186,10.17.30.146,0.619,NORMAL
1776236608.907781,10.17.21.157,224.0.0.22,0.802,SUSPICIOUS
1776236608.9859898,10.17.30.146,239.255.255.250,0.817,SUSPICIOUS
1776236609.0272472,10.17.24.53,224.0.0.22,0.65,NORMAL
1776236609.211922,10.17.27.102,224.0.0.22,0.772,SUSPICIOUS
1776236609.3425837,fe80::67d7:36c1:9571:a87b,ff02::1:ff56:6da5,0.733,SUSPICIOUS
1776236609.3837767,10.17.23.38,224.0.0.251,0.803,SUSPICIOUS
1776236609.4373143,10.17.15.109,224.0.0.251,0.74,SUSPICIOUS
1776236609.5185094,fe80::a817:5aff:fe2f:835e,ff02::16,0.768,SUSPICIOUS
1776236609.7962906,fe80::b587:78f2:1e81:6351,ff02::16,0.617,NORMAL
1776236610.0934827,10.17.18.103,224.0.0.251,0.818,SUSPICIOUS
1776236610.1241827,fe80::13:8bac:3026:525b,ff02::fb,0.823,SUSPICIOUS
1776236610.2988153,10.17.23.166,224.0.0.22,0.717,SUSPICIOUS
1776236610.3387856,10.17.27.135,239.255.255.250,0.822,SUSPICIOUS
1776236610.6062486,10.17.29.218,239.255.255.250,0.823,SUSPICIOUS
1776236610.8075008,10.17.29.69,224.0.0.22,0.818,SUSPICIOUS
1776236610.8459315,fe80::b422:51ff:fed7:8643,ff02::16,0.801,SUSPICIOUS
1776236611.3200483,fe80::23ce:182a:ee44:2d1d,ff02::1:ff56:6da5,0.577,NORMAL
1776236611.5198092,10.17.23.186,35.237.69.59,0.762,SUSPICIOUS
1776236611.6270738,10.17.28.232,224.0.0.22,0.584,NORMAL
1776236611.6689305,fe80::dfe5:fc77:44d8:23df,ff02::1:ff56:6da5,0.623,NORMAL
1776236611.7906806,fe80::92:34cc:1396:a060,ff02::fb,0.86,SUSPICIOUS
1776236611.8965995,35.237.69.59,10.17.23.186,0.715,SUSPICIOUS
1776236612.0585809,10.17.30.82,224.0.0.251,0.846,SUSPICIOUS
1776236612.1793823,fe80::ac2c:f185:7a2d:afd3,ff02::fb,0.715,SUSPICIOUS
1776236612.3768988,10.17.18.186,224.0.0.251,0.677,NORMAL
1776236612.4793258,fe80::4ea9:9bb0:c7dd:f1bb,ff02::16,0.791,SUSPICIOUS
1776236612.5243278,10.17.20.72,224.0.0.22,0.799,SUSPICIOUS
1776236612.577305,10.17.21.155,224.0.0.251,0.785,SUSPICIOUS
1776236612.6154456,10.17.30.157,239.255.255.250,0.817,SUSPICIOUS
1776236612.7963579,10.17.29.41,224.0.0.251,0.799,SUSPICIOUS
1776236612.8328118,fe80::2:2c5:8014:8ad4,ff02::fb,0.82,SUSPICIOUS
1776236612.868375,10.17.23.186,8.8.8.8,0.651,NORMAL
1776236613.1510715,10.17.0.148,224.0.0.22,0.653,NORMAL
1776236613.188669,10.17.31.21,239.255.255.250,0.817,SUSPICIOUS
1776236613.3142462,fe80::d6f3:323a:7e18:4af6,ff02::16,0.664,NORMAL
1776236613.3854425,10.17.17.47,224.0.0.251,0.823,SUSPICIOUS
1776236613.5708368,10.17.24.218,224.0.0.251,0.803,SUSPICIOUS
1776236613.602954,fe80::18bb:b6c9:7cc3:ea21,ff02::fb,0.803,SUSPICIOUS
1776236613.7116935,10.17.22.9,224.0.0.251,0.81,SUSPICIOUS
1776236613.7491016,fe80::82e:2f45:82c3:5e14,ff02::fb,0.811,SUSPICIOUS
1776236613.8287199,10.17.18.38,224.0.0.251,0.818,SUSPICIOUS
1776236614.1889312,0.0.0.0,255.255.255.255,0.604,NORMAL
1776236614.2242432,fe80::14c1:3b27:1d79:1f6,ff02::fb,0.777,SUSPICIOUS
1776236614.2549076,10.17.20.234,224.0.0.251,0.772,SUSPICIOUS
1776236614.4952953,10.17.30.49,239.255.255.250,0.823,SUSPICIOUS
1776236615.0165946,fe80::c133:6ec1:efa0:c838,ff02::1:ff56:6da5,0.632,NORMAL
1776236615.069785,8.8.8.8,10.17.23.186,0.62,NORMAL
1776236615.1207247,10.17.19.159,224.0.0.251,0.703,SUSPICIOUS
1776236615.156347,fe80::8e9:a8e:8ebe:341f,ff02::fb,0.704,SUSPICIOUS
1776236615.208048,10.17.15.109,224.0.0.251,0.75,SUSPICIOUS
1776236615.2535589,10.17.30.171,224.0.0.251,0.75,SUSPICIOUS
1776236615.2829752,fe80::cdf:385f:aab7:7777,ff02::fb,0.752,SUSPICIOUS
1776236615.3738294,10.17.25.166,224.0.0.251,0.858,SUSPICIOUS
1776236615.4475064,fe80::c75:6f2c:d14:aae1,ff02::fb,0.859,SUSPICIOUS
1776236615.5437899,10.17.24.53,224.0.0.22,0.685,NORMAL
1776236615.654394,fe80::7bbc:5a34:35c8:eae8,ff02::fb,0.695,NORMAL
1776236615.691775,10.17.30.146,224.0.0.251,0.634,NORMAL
1776236615.758184,10.17.1.109,224.0.0.22,0.829,SUSPICIOUS
1776236615.788693,fe80::b62b:6a34:9d60:2380,ff02::16,0.781,SUSPICIOUS
1776236615.832905,10.17.24.223,224.0.0.251,0.865,SUSPICIOUS
1776236615.8727846,fe80::cb4:a574:3172:48b2,ff02::fb,0.877,SUSPICIOUS
1776236616.509762,fe80::8ee4:bd06:a49f:63f5,ff02::16,0.787,SUSPICIOUS
1776236616.5889034,fe80::4ff:39ff:fee6:7738,ff02::16,0.685,NORMAL
1776236616.681164,10.17.23.166,224.0.0.22,0.695,NORMAL
1776236616.7405338,10.17.30.169,224.0.0.22,0.691,NORMAL
1776236616.772101,fe80::39d2:5f92:e297:99cd,ff02::fb,0.78,SUSPICIOUS
1776236616.8801348,10.17.30.169,224.0.0.251,0.679,NORMAL
1776236616.9120471,fe80::4ff:39ff:fee6:7738,ff02::fb,0.687,NORMAL
1776236617.0003562,10.17.22.190,224.0.0.251,0.576,NORMAL
1776236617.0373557,fe80::14ce:ee4:f59d:fd84,ff02::fb,0.588,NORMAL
1776236617.0737674,fe80::1cb8:9023:a069:6f53,ff02::fb,0.724,SUSPICIOUS
1776236617.1074471,10.17.23.169,224.0.0.251,0.711,SUSPICIOUS
1776236617.188177,fe80::9f9d:3973:7456:555e,ff02::16,0.687,NORMAL
1776236617.3946147,10.17.29.69,224.0.0.22,0.811,SUSPICIOUS
1776236617.4383,10.17.23.186,10.17.30.146,0.612,NORMAL
1776236617.5286162,10.17.21.134,224.0.0.251,0.722,SUSPICIOUS
1776236617.5613105,fe80::894:a830:feb4:933e,ff02::fb,0.706,SUSPICIOUS
1776236617.6552486,10.17.18.23,224.0.0.251,0.766,SUSPICIOUS
1776236617.6885192,fe80::1c28:64ba:27fa:cf31,ff02::fb,0.767,SUSPICIOUS
1776236617.7413843,10.17.22.116,224.0.0.251,0.753,SUSPICIOUS
1776236617.772081,fe80::33:fe02:7178:9dcb,ff02::fb,0.754,SUSPICIOUS
1776236617.8115225,10.17.20.193,224.0.0.251,0.691,NORMAL
1776236617.8422172,fe80::8e5:75e3:9895:ea01,ff02::fb,0.703,SUSPICIOUS
1776236617.8822381,10.17.17.251,224.0.0.251,0.838,SUSPICIOUS
1776236617.9189079,fe80::1a8c:869:5a12:dbf5,ff02::fb,0.792,SUSPICIOUS
1776236617.9566722,10.17.31.104,224.0.0.251,0.701,SUSPICIOUS
1776236618.0220425,10.17.30.199,224.0.0.22,0.802,SUSPICIOUS
1776236618.059029,fe80::1446:9e55:18d8:bb4,ff02::16,0.79,SUSPICIOUS
1776236618.1403556,10.17.25.61,224.0.0.251,0.761,SUSPICIOUS
1776236618.2180655,10.17.27.94,224.0.0.251,0.874,SUSPICIOUS
1776236618.254983,fe80::47c:b24d:2233:90e8,ff02::fb,0.875,SUSPICIOUS
1776236618.302919,10.17.22.190,239.255.255.250,0.704,SUSPICIOUS
1776236618.3477528,fe80::1c18:1d1e:6c5c:703,ff02::fb,0.707,SUSPICIOUS
1776236618.5032194,10.17.23.186,35.237.69.59,0.781,SUSPICIOUS
1776236618.6581883,fe80::c2e:b965:5e7a:60a5,ff02::fb,0.681,NORMAL
1776236618.706014,10.17.19.189,224.0.0.251,0.716,SUSPICIOUS
1776236618.742944,fe80::1c62:947a:c08:b39c,ff02::fb,0.721,SUSPICIOUS
1776236618.79014,35.237.69.59,10.17.23.186,0.713,SUSPICIOUS
1776236618.9185297,10.17.27.22,224.0.0.251,0.754,SUSPICIOUS
1776236618.9505439,fe80::10e5:e6d8:a926:c684,ff02::fb,0.754,SUSPICIOUS
1776236618.9837866,10.17.18.155,224.0.0.251,0.702,SUSPICIOUS
1776236619.0218766,10.17.24.152,224.0.0.251,0.726,SUSPICIOUS
1776236619.0733929,10.17.30.67,224.0.0.251,0.684,NORMAL
1776236619.1038802,fe80::1ca6:ae80:f9b5:1fc6,ff02::fb,0.689,NORMAL
1776236619.146765,fe80::3ec4:114:db61:9a8c,ff02::1:ff56:6da5,0.579,NORMAL
1776236619.177969,10.17.18.38,224.0.0.251,0.761,SUSPICIOUS
1776236619.2076576,fe80::14d4:39c7:694b:468b,ff02::fb,0.706,SUSPICIOUS
1776236619.259174,fe80::1a8c:869:5a12:dbf5,ff02::1:3,0.781,SUSPICIOUS
1776236619.2913563,10.17.17.251,224.0.0.252,0.818,SUSPICIOUS
1776236619.3317063,10.17.17.47,224.0.0.251,0.754,SUSPICIOUS
1776236619.3661842,fe80::1470:c4da:1b4c:cf16,ff02::fb,0.691,NORMAL
1776236619.4016652,10.17.23.151,224.0.0.251,0.683,NORMAL
1776236619.4353638,fe80::842:3709:bfbd:e277,ff02::fb,0.69,NORMAL
1776236619.4736333,10.17.24.218,224.0.0.251,0.758,SUSPICIOUS
1776236619.5129366,fe80::18bb:b6c9:7cc3:ea21,ff02::fb,0.758,SUSPICIOUS
1776236619.5515327,10.17.20.99,224.0.0.251,0.689,NORMAL
1776236619.5980825,10.17.20.95,224.0.0.251,0.703,SUSPICIOUS
1776236619.6304612,fe80::4e9:ba1a:38c4:4409,ff02::fb,0.708,SUSPICIOUS
1776236619.6682596,10.17.22.30,224.0.0.251,0.69,NORMAL
1776236619.7005615,fe80::1401:4f6a:f848:d27c,ff02::fb,0.69,NORMAL
1776236619.7442906,fe80::dabf:4b25:7331:dde0,ff02::1:ff56:6da5,0.674,NORMAL
1776236619.7769504,0.0.0.0,255.255.255.255,0.585,NORMAL
1776236619.8708725,10.17.22.190,10.17.31.255,0.683,NORMAL
1776236619.9716465,10.17.17.251,10.17.31.255,0.769,SUSPICIOUS
1776236620.0186462,10.17.20.49,224.0.0.251,0.763,SUSPICIOUS
1776236620.0509114,fe80::103a:f3a2:eb43:9572,ff02::fb,0.762,SUSPICIOUS
1776236620.0856779,10.17.23.186,8.8.8.8,0.626,NORMAL
1776236620.1504583,fe80::82e:2f45:82c3:5e14,ff02::fb,0.752,SUSPICIOUS
1776236620.185584,10.17.22.9,224.0.0.251,0.753,SUSPICIOUS
1776236620.2355843,10.17.20.234,224.0.0.251,0.72,SUSPICIOUS
1776236620.2785425,fe80::14c1:3b27:1d79:1f6,ff02::fb,0.725,SUSPICIOUS
1776236620.321604,fe80::dc06:55ff:fe93:80d5,ff02::fb,0.823,SUSPICIOUS
1776236620.359427,10.17.18.66,224.0.0.251,0.805,SUSPICIOUS
1776236620.4132445,fe80::d4ee:addc:40d5:b763,ff02::16,0.791,SUSPICIOUS
1776236620.4595835,10.17.0.255,224.0.0.22,0.798,SUSPICIOUS
1776236620.501252,10.17.18.171,224.0.0.251,0.684,NORMAL
1776236620.5314043,fe80::104f:fdb1:3fd8:719a,ff02::fb,0.688,NORMAL
1776236620.6019726,10.17.31.78,224.0.0.251,0.815,SUSPICIOUS
1776236620.6324167,fe80::877:711:132a:68ec,ff02::fb,0.773,SUSPICIOUS
1776236620.7098656,10.17.28.157,224.0.0.251,0.865,SUSPICIOUS
1776236620.7623236,fe80::a2:79db:f564:1d61,ff02::fb,0.866,SUSPICIOUS
1776236621.0026565,fe80::fcdb:8eff:fe3e:2352,ff02::16,0.792,SUSPICIOUS
1776236621.1016567,fe80::6416:b557:94de:58d9,ff02::c,0.682,NORMAL
1776236621.2568676,fe80::b84c:1dff:feca:7bcf,ff02::16,0.783,SUSPICIOUS
1776236621.355534,10.17.22.72,239.255.255.250,0.636,NORMAL
1776236621.4260502,10.17.19.228,224.0.0.251,0.781,SUSPICIOUS
1776236621.46305,10.17.25.106,224.0.0.251,0.679,NORMAL
1776236621.5000494,8.8.8.8,10.17.23.186,0.618,NORMAL
1776236621.5992198,10.17.27.135,239.255.255.250,0.819,SUSPICIOUS
1776236621.6372178,fe80::92:34cc:1396:a060,ff02::fb,0.869,SUSPICIOUS
1776236621.662226,10.17.30.82,224.0.0.251,0.85,SUSPICIOUS
1776236621.6972172,10.17.22.72,255.255.255.255,0.705,SUSPICIOUS
1776236621.7202427,10.17.22.72,10.17.31.255,0.672,NORMAL
1776236621.753042,10.17.29.218,239.255.255.250,0.823,SUSPICIOUS
1776236621.8524806,::,ff02::16,0.75,SUSPICIOUS
1776236621.8814805,10.17.30.146,224.0.0.251,0.666,NORMAL
1776236621.9776285,10.17.21.155,224.0.0.251,0.77,SUSPICIOUS
1776236622.0016284,fe80::8bd:bddf:e13f:ae7,ff02::fb,0.727,SUSPICIOUS
1776236622.0742648,10.17.21.99,224.0.0.251,0.758,SUSPICIOUS
1776236622.0977962,fe80::1cc0:c34e:5da9:9c0,ff02::fb,0.756,SUSPICIOUS
1776236622.1766264,fe80::14a7:b356:af6f:8fb4,ff02::fb,0.697,NORMAL
1776236622.2914515,fe80::98d6:1bdb:d002:c9e8,ff02::16,0.797,SUSPICIOUS
1776236622.3240628,10.17.0.221,224.0.0.22,0.837,SUSPICIOUS
1776236622.3524256,fe80::6416:b557:94de:58d9,ff02::fb,0.685,NORMAL
1776236622.3829494,10.17.22.72,224.0.0.251,0.658,NORMAL
1776236622.54413,10.17.4.87,224.0.0.251,0.72,SUSPICIOUS
